filename,id,title,text,sentence_count,sentence,question,answer
wiki_01,705,Bilgisayar programcılığı,"Bilgisayar programcılığı, söz dizimi ve anlamı tanımlanmış bir kurallar bütünü olan programlama dillerini kullanıp sonlu sayıda komutu yazarak bilgisayara belirli bir işi yaptırmaktır.",1,"Bilgisayar programcılığı, söz dizimi ve anlamı tanımlanmış bir kurallar bütünü olan programlama dillerini kullanıp sonlu sayıda komutu yazarak bilgisayara belirli bir işi yaptırmaktır.",Metne göre bilgisayar programcılığı ne şekilde tanımlanmaktadır?,"Bilgisayar programcılığı, söz dizimi ve anlamı tanımlanmış bir kurallar bütünü olan programlama dillerini kullanarak sonlu sayıda komut yazarak bilgisayara belirli bir işi yaptırma eylemidir."
wiki_06,2308,1982,1982 (MCMLXXXII) bir yıldır.,1,1982 (MCMLXXXII) bir yıldır.,Metne göre 1982 nedir?,1982 bir yıldır.
wiki_16,5792,CHP (anlam ayrımı),CHP şu anlamlara gelebilir:,1,CHP şu anlamlara gelebilir:,"Metinde 'CHP şu anlamlara gelebilir' denmesine rağmen, bu anlamlar neden belirtilmemiştir?","Metin, 'CHP şu anlamlara gelebilir:' ifadesini kullanmasına rağmen, bu anlamların listesini sunmadan bitmiştir, dolayısıyla metin içinde herhangi bir anlam belirtilmemiştir."
wiki_17,6037,Kariyer yönetimi,"Kariyer yönetimi, İnsan kaynakları planları ile sistemin bütünleştirilmesi, kariyer yollarının belirlenmesi, kariyer bilgisinin artırılması için açık işlerin duyurulması, çalışanların başarımlarının değerlendirilmesi, astlara kariyer danışmanlığı yapılması, iş deneyimlerinin artırılması ve eğitim programlarının düzenlenmesi etkinliklerinin tümüdür.",1,"Kariyer yönetimi, İnsan kaynakları planları ile sistemin bütünleştirilmesi, kariyer yollarının belirlenmesi, kariyer bilgisinin artırılması için açık işlerin duyurulması, çalışanların başarımlarının değerlendirilmesi, astlara kariyer danışmanlığı yapılması, iş deneyimlerinin artırılması ve eğitim programlarının düzenlenmesi etkinliklerinin tümüdür.","Metne göre, kariyer yönetimi hangi temel etkinlikleri içerir?","Metne göre kariyer yönetimi; İnsan kaynakları planları ile sistemin bütünleştirilmesi, kariyer yollarının belirlenmesi, açık işlerin duyurulması, çalışanların başarımlarının değerlendirilmesi, astlara kariyer danışmanlığı yapılması, iş deneyimlerinin artırılması ve eğitim programlarının düzenlenmesi gibi etkinliklerin tümünü kapsar."
wiki_18,6212,Zemberek,Zemberek kelimesinin çeşitli anlamları ve kullanımları vardır:,1,Zemberek kelimesinin çeşitli anlamları ve kullanımları vardır:,Metinde 'zemberek' kelimesi hakkında ne tür bir bilgi verilmektedir?,Metinde 'zemberek' kelimesinin çeşitli anlamları ve kullanımları olduğu belirtilmektedir.
wiki_19,6369,Daihatsu,"Daihatsu, 1907'de kurulan Japon otomobil üreticisi.",1,"Daihatsu, 1907'de kurulan Japon otomobil üreticisi.",Daihatsu hangi yıl kurulmuştur?,Daihatsu 1907 yılında kurulmuştur.
wiki_21,7273,Türk devletleri listesi,"Bu liste tarih boyunca Türk halkları tarafından kurulmuş özerk cumhuriyet, bağımsız cumhuriyet, beylik, imparatorluk ve hanedanlık hakkındadır.",1,"Bu liste tarih boyunca Türk halkları tarafından kurulmuş özerk cumhuriyet, bağımsız cumhuriyet, beylik, imparatorluk ve hanedanlık hakkındadır.","Metinde belirtilene göre, Türk halkları tarih boyunca hangi yönetim biçimlerini veya devlet yapılarını kurmuşlardır?","Metinde belirtilene göre, Türk halkları tarih boyunca özerk cumhuriyet, bağımsız cumhuriyet, beylik, imparatorluk ve hanedanlık gibi çeşitli yönetim biçimlerini veya devlet yapılarını kurmuşlardır."
wiki_26,9256,Finlandiya'daki futbol kulüpleri listesi,Bu liste Finlandiya'daki futbol kulüplerini içermektedir.,1,Bu liste Finlandiya'daki futbol kulüplerini içermektedir.,Bu liste hangi ülkenin futbol kulüplerini içermektedir?,Bu liste Finlandiya'daki futbol kulüplerini içermektedir.
wiki_30,11129,Derebucak,"Derebucak, Konya'nın bir ilçesidir.",1,"Derebucak, Konya'nın bir ilçesidir.",Derebucak hangi ilin ilçesidir?,Konya'nın.
wiki_31,11715,Carduelis,"Carduelis, Fringillidae familyasına bağlı bir hayvan cinsidir.",1,"Carduelis, Fringillidae familyasına bağlı bir hayvan cinsidir.",Carduelis hangi familyaya aittir?,"Carduelis, Fringillidae familyasına bağlı bir hayvan cinsidir."
wiki_32,12043,Aks-i müfred,"Aks-i müfred, bir sözcükteki harflerin sondan başa doğru alınması halinde yine anlamlı bir sözcüğün meydana gelmesini ifade eden edebiyat terimidir.",1,"Aks-i müfred, bir sözcükteki harflerin sondan başa doğru alınması halinde yine anlamlı bir sözcüğün meydana gelmesini ifade eden edebiyat terimidir.",Bir sözcüğün harflerinin sondan başa doğru sıralanmasıyla yeni ve anlamlı bir sözcük elde edildiği edebiyat terimine ne ad verilir?,Aks-i müfred.
wiki_33,12642,Doğangiller,"Doğangiller (Falconidae), gündüz yırtıcı kuşları (Falconiformes) takımından yırtıcı kuş türlerini oluşturan kuş familyası.",1,"Doğangiller (Falconidae), gündüz yırtıcı kuşları (Falconiformes) takımından yırtıcı kuş türlerini oluşturan kuş familyası.",Doğangiller familyası hangi kuş takımına aittir?,"Doğangiller familyası, gündüz yırtıcı kuşları (Falconiformes) takımına aittir."
wiki_34,13271,Çiğli (anlam ayrımı),Çiğli ayrıca şu anlamlara gelebilir:,1,Çiğli ayrıca şu anlamlara gelebilir:,"Metindeki 'Çiğli ayrıca şu anlamlara gelebilir' cümlesi, 'Çiğli' kelimesinin anlamsal yapısı hakkında ne gibi bir bilgi vermektedir?","Bu cümle, 'Çiğli' kelimesinin tek bir anlama gelmediğini, yaygın bilinen bir tanımının yanı sıra başka farklı anlamlara veya bağlamlara da sahip olduğunu ve metnin bu ek anlamları listeleme amacında olduğunu belirtmektedir."
wiki_39,15573,İğne yapraklılar,"İğne yapraklılar (Pinales), bitkiler (Plantae) âleminin açık tohumlular (Pinophyta) bölümünde bulunan tek sınıf olan Pinopsida'ya dahil bir bitki takımıdır ve servigiller(ardıç, sekoya servi, yalancı servi, su sediri, mazı, yalancı mazı ) çamgiller (sedir,çam, göknar, ladin) ve porsuk gibi soyu sürmekte olan tüm kozalaklı bitkileri içerir.
 ▪ Cordaitales
 ▪ Vojnovskyales
 ▪ Voltziales",1,"İğne yapraklılar (Pinales), bitkiler (Plantae) âleminin açık tohumlular (Pinophyta) bölümünde bulunan tek sınıf olan Pinopsida'ya dahil bir bitki takımıdır ve servigiller(ardıç, sekoya servi, yalancı servi, su sediri, mazı, yalancı mazı ) çamgiller (sedir,çam, göknar, ladin) ve porsuk gibi soyu sürmekte olan tüm kozalaklı bitkileri içerir.","İğne yapraklılar (Pinales) takımı, genel olarak hangi familyalardan ve bitki türlerinden oluşur?","İğne yapraklılar takımı; servigiller (ardıç, sekoya servi, yalancı servi, su sediri, mazı, yalancı mazı), çamgiller (sedir, çam, göknar, ladin) ve porsuk gibi soyu sürmekte olan tüm kozalaklı bitkileri içerir."
wiki_42,16626,Gauss,Gauss kelimesinin birden fazla anlamı vardır:,1,Gauss kelimesinin birden fazla anlamı vardır:,Metne göre Gauss kelimesinin anlamları hakkında ne bilgi verilmektedir?,"Metin, Gauss kelimesinin birden fazla anlamı olduğunu belirtmektedir."
wiki_54,24820,Auguste Villiers de l'Isle-Adam,"Jean-Marie-Mathias-Philippe-Auguste, comte de Villiers de l'Isle-Adam (7 Kasım 1838 - 19 Ağustos 1889), Fransız bilimkurgu roman yazarı.",1,"Jean-Marie-Mathias-Philippe-Auguste, comte de Villiers de l'Isle-Adam (7 Kasım 1838 - 19 Ağustos 1889), Fransız bilimkurgu roman yazarı.","Jean-Marie-Mathias-Philippe-Auguste, comte de Villiers de l'Isle-Adam kimdir?","O, 7 Kasım 1838 - 19 Ağustos 1889 tarihleri arasında yaşamış Fransız bilimkurgu roman yazarıdır."
wiki_56,25895,Ördek,"Ördek, ""Anatinae"" alt familyasından, tıknaz gövdeli, kısa bacaklı ve kısa boyunlu, yassı gagalı, paytak yürüyüşlü, tavuktan daha iri, yabanıl ve evcil türleri bulunan, eti ve yumurtası yenen bir su kuşu.",1,"Ördek, ""Anatinae"" alt familyasından, tıknaz gövdeli, kısa bacaklı ve kısa boyunlu, yassı gagalı, paytak yürüyüşlü, tavuktan daha iri, yabanıl ve evcil türleri bulunan, eti ve yumurtası yenen bir su kuşu.",Metne göre ördeğin fiziksel özellikleri ve türleri nasıl tanımlanır?,"Ördek, tıknaz gövdeli, kısa bacaklı, kısa boyunlu, yassı gagalı ve paytak yürüyüşlü bir su kuşudur. Ayrıca yabanıl ve evcil türleri bulunmaktadır."
wiki_61,28612,Amanita pantherina,"Amanita pantherina, ""Amanita"" cinsine bağlı zehirli bir mantar türüdür.",1,"Amanita pantherina, ""Amanita"" cinsine bağlı zehirli bir mantar türüdür.",Amanita pantherina nasıl bir mantar türüdür?,"Amanita pantherina, ""Amanita"" cinsine bağlı zehirli bir mantar türüdür."
wiki_63,30175,Domain,"Domain, Latinceden gelen bir terim: ""dominus"" = sahip",1,"Domain, Latinceden gelen bir terim: ""dominus"" = sahip",Domain teriminin Latincedeki kökeni olan 'dominus' kelimesinin Türkçe karşılığı nedir?,Sahip
wiki_67,35747,Göztepe Camii,"Tütüncü Mehmet Halis Efendi, Göztepe Tren İstasyonu'nun yanına kendi ismiyle anılan camiyi 1902 yılında duvarları kâgir, çatısı ahşap, minaresi tuğladan olmak üzere yaptırmıştır.",1,"Tütüncü Mehmet Halis Efendi, Göztepe Tren İstasyonu'nun yanına kendi ismiyle anılan camiyi 1902 yılında duvarları kâgir, çatısı ahşap, minaresi tuğladan olmak üzere yaptırmıştır.",Tütüncü Mehmet Halis Efendi'nin 1902'de yaptırdığı caminin yapısal özellikleri nelerdir?,"Caminin duvarları kâgir, çatısı ahşap ve minaresi tuğladan yapılmıştır."
wiki_69,37193,Diplomatik nota,"Diplomatik nota, dış politikada bir devletin başka bir devlete siyasi sorunlar, iş birliği önerileri, anlaşma teklifleri, bilgilendirme ve benzeri konularla ilgili olarak yolladığı yazılara denir.",1,"Diplomatik nota, dış politikada bir devletin başka bir devlete siyasi sorunlar, iş birliği önerileri, anlaşma teklifleri, bilgilendirme ve benzeri konularla ilgili olarak yolladığı yazılara denir.",Diplomatik nota tam olarak nedir?,"Diplomatik nota, dış politikada bir devletin başka bir devlete siyasi sorunlar, iş birliği önerileri, anlaşma teklifleri, bilgilendirme gibi çeşitli konularda yolladığı yazılı iletişim biçimine denir."
wiki_70,37854,Phylloscopus trochilus,"Phylloscopus trochilus, ""Phylloscopus"" cinsine bağlı bir kuş türüdür.",1,"Phylloscopus trochilus, ""Phylloscopus"" cinsine bağlı bir kuş türüdür.",Phylloscopus trochilus ne tür bir canlıdır?,"""Phylloscopus"" cinsine bağlı bir kuş türüdür."
wiki_72,39911,Fizikçi,"Fizikçi, fizik ile uğraşan, bu konuda eğitim görmüş veya fizik alanında önemli gelişmelere imkân vermiş olan kişilerdir.",1,"Fizikçi, fizik ile uğraşan, bu konuda eğitim görmüş veya fizik alanında önemli gelişmelere imkân vermiş olan kişilerdir.",Bu metne göre bir kişinin 'fizikçi' olarak tanımlanması için hangi özelliklere sahip olması gerekir?,"Metne göre bir kişi; fizik ile uğraşan, fizik alanında eğitim görmüş veya fizik alanında önemli gelişmelere imkân vermiş olduğunda fizikçi olarak tanımlanır."
wiki_81,47735,"Aksu, Isparta","Aksu, Isparta ilinin bir ilçesidir.
İlçeye bağlı 13 köy bulunmaktadır.",2,İlçeye bağlı 13 köy bulunmaktadır.,Aksu ilçesine bağlı kaç köy bulunmaktadır?,Aksu ilçesine bağlı 13 köy bulunmaktadır.
wiki_82,47841,Domaniç,Domaniç Kütahya ilinin bir ilçesidir.,1,Domaniç Kütahya ilinin bir ilçesidir.,Domaniç hangi ilin ilçesidir?,Kütahya ilinin.
wiki_83,48077,Azda,"Azda, Yezidilik inancında başmelek ve insanlığın yaratıcısı olduğuna inanılan Melek Tavus'u yaratan tanrı.
İnanışa göre Tanrı Azda Melek Tavus'a kendi yarattığı insanların önünde secde etmesini buyurmuş ancak Melek Tavus bunun şirk (monoteizmde bir olan Tanrı'ya ortak koşma) olacağını düşünerek insanlara secde etmeyi reddetmiş, bunun karşılığında da yaptığı kibir olarak yorumlanmıştır.",2,"İnanışa göre Tanrı Azda Melek Tavus'a kendi yarattığı insanların önünde secde etmesini buyurmuş ancak Melek Tavus bunun şirk (monoteizmde bir olan Tanrı'ya ortak koşma) olacağını düşünerek insanlara secde etmeyi reddetmiş, bunun karşılığında da yaptığı kibir olarak yorumlanmıştır.","Melek Tavus, Tanrı Azda'nın emrine rağmen neden insanlara secde etmeyi reddetmiştir?","Melek Tavus, insanlara secde etmenin şirk (monoteizmde bir olan Tanrı'ya ortak koşma) olacağını düşündüğü için reddetmiştir."
wiki_89,52893,Dime,"Dime, ABD ve Kanada'da on sentlik madeni paralara verilen isimdir.",1,"Dime, ABD ve Kanada'da on sentlik madeni paralara verilen isimdir.",ABD ve Kanada'da on sentlik madeni paralara verilen isim nedir?,"Bu paralara ""Dime"" adı verilir."
wiki_92,54651,En Değerli Müşteri Grubu,"En Değerli Müşteri Grubu (Most Valuable Customers - MVC), bir firma için gerçek değeri en yüksek, en kârlı, en bağlı ve firma ile en fazla iş birliği yapan ya da yapmak isteyen müşteri tipidir.",1,"En Değerli Müşteri Grubu (Most Valuable Customers - MVC), bir firma için gerçek değeri en yüksek, en kârlı, en bağlı ve firma ile en fazla iş birliği yapan ya da yapmak isteyen müşteri tipidir.","Metne göre, bir 'En Değerli Müşteri Grubu'nu (MVC) tanımlayan ana özellikler nelerdir?","En Değerli Müşteri Grubu (MVC), bir firma için gerçek değeri en yüksek, en kârlı, en bağlı ve firma ile en fazla iş birliği yapan ya da yapmak isteyen müşteri tipidir."
wiki_93,55610,Sığırlar,"Sığırlar (Bovinae), memeli hayvanların çift toynaklılar (Artiodactyla) takımının, boynuzlugiller (Bovidae) familyasına giren bir alt familya.",1,"Sığırlar (Bovinae), memeli hayvanların çift toynaklılar (Artiodactyla) takımının, boynuzlugiller (Bovidae) familyasına giren bir alt familya.","Metne göre, Sığırlar (Bovinae) hangi biyolojik sınıflandırma kategorilerine aittir?","Metinde belirtildiği üzere Sığırlar (Bovinae), memeli hayvanların çift toynaklılar (Artiodactyla) takımının, boynuzlugiller (Bovidae) familyasına giren bir alt familyadır."
wiki_95,57271,Arthropoda,"Arthropoda, Ecdysozoa üstşubesine bağlı bir hayvan şubesidir.",1,"Arthropoda, Ecdysozoa üstşubesine bağlı bir hayvan şubesidir.",Arthropoda hangi üstşubeye bağlı bir hayvan şubesidir?,"Arthropoda, Ecdysozoa üstşubesine bağlı bir hayvan şubesidir."
wiki_96,58433,Gipsy Kings,"Gipsy Kings, Rumba-flamenko tarzı müzikleriyle tanınan, İspanyol Çingenelerinden oluşan müzik grubu.",1,"Gipsy Kings, Rumba-flamenko tarzı müzikleriyle tanınan, İspanyol Çingenelerinden oluşan müzik grubu.",Gipsy Kings grubu hangi etnik kökenden gelmektedir?,İspanyol Çingenelerinden.
wiki_97,59544,Tenenit,"Tenenit, Mısır mitolojisindeki bira tanrıçası.",1,"Tenenit, Mısır mitolojisindeki bira tanrıçası.",Tenenit kimdir?,Mısır mitolojisindeki bira tanrıçasıdır.
wiki_98,64130,Yeşil yem,"Yeşil yem, yaprak ve filizlerini üzerinde bulunduran, genellikle otlatılarak veya biçilerek hayvanlara yedirilen tüm bitkilere verilen isim (fiğ, burçak, yonca, korunga ve yulaf başlıcalarıdır).",1,"Yeşil yem, yaprak ve filizlerini üzerinde bulunduran, genellikle otlatılarak veya biçilerek hayvanlara yedirilen tüm bitkilere verilen isim (fiğ, burçak, yonca, korunga ve yulaf başlıcalarıdır).",Metinde yeşil yeme örnek olarak hangi bitkiler belirtilmiştir?,"Fiğ, burçak, yonca, korunga ve yulaf başlıca yeşil yem örnekleridir."
wiki_01,66989,Biraz da Sen Ağla,"Biraz da Sen Ağla, Ahmet Kaya öldükten sonra çıkarılan albümdür.",1,"Biraz da Sen Ağla, Ahmet Kaya öldükten sonra çıkarılan albümdür.",Ahmet Kaya'nın vefatından sonra piyasaya sürülen albümün adı nedir?,Biraz da Sen Ağla.
wiki_06,72263,FTP istemcileri listesi,FTP istemcileri listesi.,1,FTP istemcileri listesi.,Verilen metin neyi belirtmektedir?,"Metin, bir FTP istemcileri listesi olduğunu belirtmektedir."
wiki_07,73403,PS,PS bir kısaltmadır.,1,PS bir kısaltmadır.,PS nedir?,PS bir kısaltmadır.
wiki_09,75726,Burun boşluğu,"Burun boşluğu (nazal kavite veya nazal boşluk) yüzün ortasında burnun arkasında ve üstünde bulunan hava ile dolu, büyük bir boşluktur.",1,"Burun boşluğu (nazal kavite veya nazal boşluk) yüzün ortasında burnun arkasında ve üstünde bulunan hava ile dolu, büyük bir boşluktur.",Burun boşluğu vücudun neresinde yer alır?,"Burun boşluğu, yüzün ortasında, burnun arkasında ve üstünde bulunur."
wiki_10,76745,Türkiye'deki dağlar listesi,"Bu maddede Türkiye'deki dağlar, deniz seviyesinden yüksekliklerine göre sıralanmışlardır.",1,"Bu maddede Türkiye'deki dağlar, deniz seviyesinden yüksekliklerine göre sıralanmışlardır.",Metne göre Türkiye'deki dağlar neye göre sıralanmıştır?,Deniz seviyesinden yüksekliklerine göre sıralanmışlardır.
wiki_16,85504,Iguazu,Iguazu Hydrobiosini oymağına bağlı bir cinstir.,1,Iguazu Hydrobiosini oymağına bağlı bir cinstir.,Iguazu hangi oymağa bağlı bir cinstir?,"Iguazu, Hydrobiosini oymağına bağlı bir cinstir."
wiki_17,87741,Pis Yedili,"Pis Yedili, şansla birlikte taktik faktörünün de esas olduğu bir iskambil oyunudur.",1,"Pis Yedili, şansla birlikte taktik faktörünün de esas olduğu bir iskambil oyunudur.",Pis Yedili oyununda hangi iki faktör esas olarak belirtilmiştir?,Şans ve taktik faktörü.
wiki_18,89899,Eris,Eris değişik anlamları olan bir kelimedir ve,1,Eris değişik anlamları olan bir kelimedir.,Metindeki bilgiye göre Eris kelimesinin belirgin özelliği nedir?,"Metne göre Eris, değişik anlamları olan bir kelimedir."
wiki_19,90994,Caretta,"Caretta, Carettinae altfamilyasına bağlı bir hayvan cinsidir.",1,"Caretta, Carettinae altfamilyasına bağlı bir hayvan cinsidir.","Caretta, taksonomik olarak hangi gruba aittir?","Caretta, Carettinae altfamilyasına bağlı bir hayvan cinsidir."
wiki_22,94802,LAES,"LAES (özgün adıyla Sistema Económico Latinoamericano y del Caribe), Latin Amerika'da işbirliğini artırmayı amaçlayan bir teşkilatlanmadır.",1,"LAES (özgün adıyla Sistema Económico Latinoamericano y del Caribe), Latin Amerika'da işbirliğini artırmayı amaçlayan bir teşkilatlanmadır.",LAES'in temel amacı nedir?,Latin Amerika'da işbirliğini artırmayı amaçlamaktadır.
wiki_25,98826,Bensheim,"Bensheim, Almanya'nın Hessen eyâletinde bir beldedir.",1,"Bensheim, Almanya'nın Hessen eyâletinde bir beldedir.",Bensheim nerede yer almaktadır?,"Bensheim, Almanya'nın Hessen eyâletinde bir beldedir."
wiki_26,100251,The First Album,Modern Talking'in 1985 yılında çıkarmış oldukları ilk albümü.,1,Modern Talking'in 1985 yılında çıkarmış oldukları ilk albümü.,Modern Talking'in ilk albümü hangi yıl yayımlanmıştır?,1985 yılında.
wiki_29,103547,Rosenrot,"Rosenrot, Rammstein adlı Alman metal grubunun çıkardığı beşinci albümdür, ayrıca bu albüm 1 Kasım 2005 tarihi gün sayımı ile çıkarılmıştır.",1,"Rosenrot, Rammstein adlı Alman metal grubunun çıkardığı beşinci albümdür, ayrıca bu albüm 1 Kasım 2005 tarihi gün sayımı ile çıkarılmıştır.",Rammstein'ın 'Rosenrot' adlı albümü ne zaman piyasaya sürülmüştür ve grubun kaçıncı albümüdür?,'Rosenrot' albümü 1 Kasım 2005 tarihinde çıkarılmıştır ve Rammstein grubunun beşinci albümüdür.
wiki_30,104900,Maine de Biran,"Maine de Biran, (29 Kasım 1766, Bergerac - 20 Temmuz 1824, Paris), Fransız spiritüalist filozoftur.",1,"Maine de Biran, (29 Kasım 1766, Bergerac - 20 Temmuz 1824, Paris), Fransız spiritüalist filozoftur.",Maine de Biran hangi alanda tanınmış bir filozoftur?,"Maine de Biran, Fransız spiritüalist bir filozoftur."
wiki_32,106913,Corpus callosum,"Korpus kallozum (sert cisim ya da nasırlı cisim), beynin her iki hemisferi arasındaki bilgi iletişimini sağlayan sinir ağlarından oluşan yapıdır.",1,"Korpus kallozum (sert cisim ya da nasırlı cisim), beynin her iki hemisferi arasındaki bilgi iletişimini sağlayan sinir ağlarından oluşan yapıdır.",Korpus kallozum'un temel görevi nedir?,Beynin her iki hemisferi arasındaki bilgi iletişimini sağlamaktır.
wiki_33,108621,Amia,"Amia, Amiidae familyasına bağlı bir hayvan cinsidir.",1,"Amia, Amiidae familyasına bağlı bir hayvan cinsidir.",Amia hangi familyaya bağlıdır?,Amiidae familyasına bağlıdır.
wiki_35,111983,"Alamut, Bozdoğan","Alamut, Aydın ilinin Bozdoğan ilçesine bağlı bir mahalledir.",1,"Alamut, Aydın ilinin Bozdoğan ilçesine bağlı bir mahalledir.",Alamut hangi ilin hangi ilçesine bağlıdır?,Aydın ilinin Bozdoğan ilçesine bağlıdır.
wiki_36,113178,Trigla lyra,"Trigla lyra, Trigla cinsine ait bir deniz balığı türüdür.",1,"Trigla lyra, Trigla cinsine ait bir deniz balığı türüdür.",Trigla lyra ne tür bir canlıdır?,Trigla cinsine ait bir deniz balığı türüdür.
wiki_37,114799,Ramoth,Ramoth birden fazla anlama gelebilir:,1,Ramoth birden fazla anlama gelebilir:,Metne göre Ramoth'un temel özelliği nedir?,"Metne göre Ramoth'un temel özelliği, birden fazla anlama gelebilmesidir."
wiki_39,118178,Aldrichetta,"Aldrichetta, Mugilidae familyasına bağlı bir hayvan cinsidir.",1,"Aldrichetta, Mugilidae familyasına bağlı bir hayvan cinsidir.",Aldrichetta hangi familyaya bağlı bir cinstir?,"Aldrichetta, Mugilidae familyasına bağlı bir hayvan cinsidir."
wiki_40,119519,Praseodim,"Praseodim (Kısaltması/sembol Pr), atom numarası 59, atom ağırlığı 140,92 olan, soluk sarı renkli bir element.",1,"Praseodim (Kısaltması/sembol Pr), atom numarası 59, atom ağırlığı 140,92 olan, soluk sarı renkli bir element.",Praseodim'in atom numarası kaçtır?,Praseodim'in atom numarası 59'dur.
wiki_42,121391,"Evciler, Çine","Evciler, Aydın ilinin Çine ilçesine bağlı bir mahalledir.",1,"Evciler, Aydın ilinin Çine ilçesine bağlı bir mahalledir.",Evciler hangi ilin hangi ilçesine bağlı bir mahalledir?,"Evciler, Aydın ilinin Çine ilçesine bağlı bir mahalledir."
wiki_44,124563,Fibril,Bağ dokusunu oluşturan maddelerden olan fibriller uzun peptit zincirlerinden oluşan proteinlerden meydana gelirler.,1,Bağ dokusunu oluşturan maddelerden olan fibriller uzun peptit zincirlerinden oluşan proteinlerden meydana gelirler.,Fibriller neyden meydana gelir?,"Fibriller, uzun peptit zincirlerinden oluşan proteinlerden meydana gelirler."
wiki_47,129776,Rush,"Rush şu anlamlara gelebilmektedir:
* ""Rush (albüm)"" aynı adlı grubun albümü",1,"""Rush (albüm)"" aynı adlı grubun albümü","""Rush (albüm)"" hangi grubun albümüdür?",Aynı adlı grubun albümüdür.
wiki_49,133356,Pan,"Pan - Bütün, tüm anlamı veren Yunanca önek'tir",1,"Pan - Bütün, tüm anlamı veren Yunanca önek'tir",Yunanca 'Pan' öneki hangi anlamlara gelir?,Yunanca 'Pan' öneki 'bütün' veya 'tüm' anlamlarına gelir.
wiki_51,136708,Versus the World,"Versus the World, İsveç death metal grubu Amon Amarth'ın dördüncü stüdyo albümü.",1,"Versus the World, İsveç death metal grubu Amon Amarth'ın dördüncü stüdyo albümü.",Versus the World hangi grubun albümüdür?,"Versus the World, İsveç death metal grubu Amon Amarth'ın albümüdür."
wiki_52,137832,"Ektirli, Karpuzlu","Ektirli, Aydın ilinin Karpuzlu ilçesine bağlı bir mahalledir.",1,"Ektirli, Aydın ilinin Karpuzlu ilçesine bağlı bir mahalledir.","Ektirli, Türkiye'nin hangi il ve ilçesine bağlı bir yerleşim yeridir?","Ektirli, Aydın ilinin Karpuzlu ilçesine bağlı bir mahalledir."
wiki_54,141480,Zhejiang,"Zhejiang () ya da Türkçesiyle Cıciang veya Cıcianğ, Çin'in doğusunda endüstrisi önemli olan bir eyalet.",1,"Zhejiang () ya da Türkçesiyle Cıciang veya Cıcianğ, Çin'in doğusunda endüstrisi önemli olan bir eyalet.",Zhejiang eyaletinin temel özelliği nedir?,Endüstrisinin önemli olmasıdır.
wiki_56,145374,"Akköy, Didim","Akköy, Aydın ilinin Didim ilçesine bağlı bir mahalledir.",1,"Akköy, Aydın ilinin Didim ilçesine bağlı bir mahalledir.",Akköy nerede yer almaktadır?,Aydın ilinin Didim ilçesine bağlı bir mahalledir.
wiki_57,146196,Artemis (anlam ayrımı),Diğer:,1,Verilen metin boş olduğu için anlamlı bir cümle seçilememiştir.,"Metin boş olduğunda, bir cümle seçmek ve buna dayanarak soru-cevap oluşturmak mümkün müdür?","Hayır, metin boş olduğu için bu işlem gerçekleştirilemez."
wiki_59,150820,M110,Eski nesil kundağı motorlu obüs sistemi.,1,Eski nesil kundağı motorlu obüs sistemi.,Metinde bahsedilen obüs sisteminin iki temel özelliği nelerdir?,"Bu sistemin 'eski nesil' olması teknolojik olarak güncel olmadığını, 'kundağı motorlu' olması ise kendi başına hareket edebildiğini gösterir."
wiki_60,152538,Orthogastropoda,"Orthogastropoda, Gastropoda sınıfına bağlı bir hayvan altsınıftır.",1,"Orthogastropoda, Gastropoda sınıfına bağlı bir hayvan altsınıftır.",Orthogastropoda hangi hayvan sınıfına bağlıdır?,"Orthogastropoda, Gastropoda sınıfına bağlıdır."
wiki_61,154154,Kol kısalığı,"Kol kısalığı, kemik gelişim sürecinde kemiklerin tam gelişememesi neticisinde sağ kolun sol kola göre veya sol kolun sağ kola göre kısa kalması veya her iki kolda vucuta orantısız kol boyu oluşmasıdır.",1,"Kol kısalığı, kemik gelişim sürecinde kemiklerin tam gelişememesi neticesinde sağ kolun sol kola göre veya sol kolun sağ kola göre kısa kalması veya her iki kolda vucuta orantısız kol boyu oluşmasıdır.",Metne göre kol kısalığı nedir?,"Kol kısalığı, kemik gelişim sürecinde kemiklerin tam gelişememesi neticesinde sağ kolun sol kola göre veya sol kolun sağ kola göre kısa kalması veya her iki kolda vücuda orantısız kol boyu oluşmasıdır."
wiki_62,156210,Kabalacılık,"Kabalacılık veya Kabalizm, Kabbala'ya dayanan manevi araştırma ve fikir sistemi.",1,"Kabalacılık veya Kabalizm, Kabbala'ya dayanan manevi araştırma ve fikir sistemi.",Metinde Kabalacılık veya Kabalizm nasıl tanımlanmıştır?,"Metinde Kabalacılık veya Kabalizm, Kabbala'ya dayanan manevi bir araştırma ve fikir sistemi olarak tanımlanmıştır."
wiki_63,159128,2006 Bahreyn Grand Prix,"2006 Bahreyn Grand Prix, 2006 yılındaki Formula 1 yarışlarının Bahreyn etabıdır.",1,"2006 Bahreyn Grand Prix, 2006 yılındaki Formula 1 yarışlarının Bahreyn etabıdır.",2006 Bahreyn Grand Prix nedir?,"2006 Bahreyn Grand Prix, 2006 yılındaki Formula 1 yarışlarının Bahreyn etabıdır."
wiki_64,161158,Yüxexes,"Yüxexes, İpek Atcan'ın sunduğu, her hafta Dream TV'de Türk rock müziğinden son haberlerin, en yeni kliplerin gösterildiği ve alternatif müziğin başarılı isimlerinin katıldığı TV programıydı.",1,"Yüxexes, İpek Atcan'ın sunduğu, her hafta Dream TV'de Türk rock müziğinden son haberlerin, en yeni kliplerin gösterildiği ve alternatif müziğin başarılı isimlerinin katıldığı TV programıydı.",Yüxexes adlı televizyon programını kim sunuyordu?,Yüxexes programını İpek Atcan sunuyordu.
wiki_67,166468,Hagen-Oberhagen,"Hagen-Oberhagen, Almanya'nın Kuzey Ren-Vestfalya eyaletinde, Hagen kentine bağlı idari bölge.",1,"Hagen-Oberhagen, Almanya'nın Kuzey Ren-Vestfalya eyaletinde, Hagen kentine bağlı idari bölge.",Hagen-Oberhagen hangi ülkenin hangi eyaletinde yer almaktadır?,"Hagen-Oberhagen, Almanya'nın Kuzey Ren-Vestfalya eyaletinde yer almaktadır."
wiki_69,170171,"Bahadırlı, Kulu","Bahadırlı, Konya il Kulu ilçesine bağlı bir mahalledir.",1,"Bahadırlı, Konya il Kulu ilçesine bağlı bir mahalledir.","Bahadırlı, hangi ilin hangi ilçesine bağlı bir mahalledir?","Bahadırlı, Konya ilinin Kulu ilçesine bağlı bir mahalledir."
wiki_76,186677,Lødingen,"Lødingen, Norveç'in Nordland eyâletindeki bir şehirdir.",1,"Lødingen, Norveç'in Nordland eyâletindeki bir şehirdir.",Lødingen hangi ülkenin hangi eyâletindedir?,"Lødingen, Norveç'in Nordland eyâletinde yer almaktadır."
wiki_78,190208,Deplasman,"Deplasman, kökeni yer değiştirme anlamına gelen İngilizcede displacement, Fransızca déplacement kelimesine dayanan kavram aşağıdaki anlamlara gelebilir.",1,"Deplasman, kökeni yer değiştirme anlamına gelen İngilizcede displacement, Fransızca déplacement kelimesine dayanan kavram aşağıdaki anlamlara gelebilir.",Metne göre 'deplasman' kelimesinin kökeninde bulunan İngilizce ve Fransızca kelimeler hangi anlama gelmektedir?,Metne göre 'deplasman' kelimesinin kökeninde bulunan İngilizce 'displacement' ve Fransızca 'déplacement' kelimeleri 'yer değiştirme' anlamına gelmektedir.
wiki_79,192074,Scaphopoda,"Scaphopoda (deniz dişleri), Mollusca şubesine bağlı bir hayvan sınıfıdır.",1,"Scaphopoda (deniz dişleri), Mollusca şubesine bağlı bir hayvan sınıfıdır.",Scaphopoda hangi şubeye bağlı bir hayvan sınıfıdır?,"Scaphopoda, Mollusca şubesine bağlı bir hayvan sınıfıdır."
wiki_83,200217,Berberis vulgaris,"Berberis vulgaris, ""Berberis"" cinsine bağlı bir bitki türüdür.",1,"Berberis vulgaris, ""Berberis"" cinsine bağlı bir bitki türüdür.",Berberis vulgaris bitkisi hangi cinse aittir?,"Berberis vulgaris bitkisi, ""Berberis"" cinsine bağlıdır."
wiki_84,202903,Erdemli Meslek Yüksekokulu,"Erdemli Meslek Yüksekokulu Alata Bahçe Kültürleri'ne ait binada eğitim-öğretim faaliyetlerini sürdürmekte iken Erdemli Belediyesi, Erdemli Kaymakamlığı ve sivil toplum örgütlerinin katkıları ile yaptırılan Erdemli Belediyesine ait binaya 2005 yılında taşınmıştır.
Bilgisayar Programcılığı Ve Teknikerliği
Bankacılık
Muhasebe
İşletme",1,"Erdemli Meslek Yüksekokulu Alata Bahçe Kültürleri'ne ait binada eğitim-öğretim faaliyetlerini sürdürmekte iken Erdemli Belediyesi, Erdemli Kaymakamlığı ve sivil toplum örgütlerinin katkıları ile yaptırılan Erdemli Belediyesine ait binaya 2005 yılında taşınmıştır.",Erdemli Meslek Yüksekokulu yeni binasına ne zaman taşınmıştır?,"Erdemli Meslek Yüksekokulu, 2005 yılında yeni binasına taşınmıştır."
wiki_85,205322,Chlamydoselachidae,"Chlamydoselachidae, Hexanchiformes takımına bağlı bir hayvan familyasıdır.",1,"Chlamydoselachidae, Hexanchiformes takımına bağlı bir hayvan familyasıdır.",Chlamydoselachidae hangi takıma bağlı bir hayvan familyasıdır?,"Chlamydoselachidae, Hexanchiformes takımına bağlı bir hayvan familyasıdır."
wiki_86,206762,Köpek ırkları listesi,"Aşağıda, köpek ırklarının Türkçe ve İngilizce isimleri listelenmiştir:",1,"Aşağıda, köpek ırklarının Türkçe ve İngilizce isimleri listelenmiştir:","Bu cümle, ne tür bilgilerin aşağıda sunulacağını belirtmektedir?","Bu cümle, köpek ırklarının Türkçe ve İngilizce isimlerinin listesinin aşağıda sunulacağını belirtmektedir."
wiki_87,207858,Papiroloji,"Papiroloji, Antik Mısır, Yakındoğu, Antik Yunan ve Antik Roma arkeolojilerinde büyük önemi olan, papirüs üzerine yazılmış belgelerin bakımı, korunması, okunması ve yorumlanması ile uğraşan bilim dalıdır.",1,"Papiroloji, Antik Mısır, Yakındoğu, Antik Yunan ve Antik Roma arkeolojilerinde büyük önemi olan, papirüs üzerine yazılmış belgelerin bakımı, korunması, okunması ve yorumlanması ile uğraşan bilim dalıdır.",Papiroloji nedir?,"Papiroloji, Antik Mısır, Yakındoğu, Antik Yunan ve Antik Roma arkeolojilerinde büyük önemi olan, papirüs üzerine yazılmış belgelerin bakımı, korunması, okunması ve yorumlanması ile uğraşan bilim dalıdır."
wiki_88,210192,Model uçak sınıfları listesi,Model uçak sınıfları,1,Model uçak sınıfları,Metinde geçen 'Model uçak sınıfları' ifadesi ne anlama gelmektedir?,"Bu ifade, model uçakların belirli özelliklerine (örneğin boyut, motor tipi, yapı malzemesi) veya katıldıkları yarışma ve etkinliklerin kurallarına göre ayrıldığı farklı kategorileri belirtir."
wiki_89,211914,Lepilemur mustelinus,Lepilemur mustelinus Lepilemur cinsine bağlı bir hayvan türüdür.,1,Lepilemur mustelinus Lepilemur cinsine bağlı bir hayvan türüdür.,Lepilemur mustelinus nedir?,Lepilemur cinsine bağlı bir hayvan türüdür.
wiki_91,216202,Astronotus ocellatus,"Astronotus ocellatus, ""Astronotus"" cinsine bağlı bir hayvan türüdür.",1,"Astronotus ocellatus, ""Astronotus"" cinsine bağlı bir hayvan türüdür.",Astronotus ocellatus hangi cinse bağlı bir türdür?,"""Astronotus"" cinsine bağlı bir hayvan türüdür."
wiki_92,220130,Dhrishtaketu,"Dhrishtaketu (धृष्‍टकेतु), Hindu mitolojisinde birçok yerde adı geçen bir karakterdir. Şöyle ki, 
ve",1,"Dhrishtaketu (धृष्‍टकेतु), Hindu mitolojisinde birçok yerde adı geçen bir karakterdir.",Dhrishtaketu hangi mitolojide adı geçen bir karakterdir?,"Dhrishtaketu, Hindu mitolojisinde adı geçen bir karakterdir."
wiki_93,222659,Bosanska Krupa,"Bosanska Krupa veya sadece Krupa (Kiril Босанска Крупа), Bosna-Hersek'in kuzeybatısında Una Nehri üzerinde kurulu kent.",1,"Bosanska Krupa veya sadece Krupa (Kiril Босанска Крупа), Bosna-Hersek'in kuzeybatısında Una Nehri üzerinde kurulu kent.",Bosanska Krupa nerede kurulmuştur?,Bosna-Hersek'in kuzeybatısında Una Nehri üzerinde kurulmuştur.
wiki_95,228873,Hindistan millî futbol takımı,"Hindistan millî futbol takımı, Hindistan'ı uluslararası arenada temsil eden futbol takımıdır.",1,"Hindistan millî futbol takımı, Hindistan'ı uluslararası arenada temsil eden futbol takımıdır.",Hindistan millî futbol takımının uluslararası arenadaki temel görevi nedir?,Hindistan'ı uluslararası arenada temsil etmektir.
wiki_96,231115,"Eğrikum, Çarşamba","Eğrikum, Samsun ilinin Çarşamba ilçesine bağlı bir mahalledir.",1,"Eğrikum, Samsun ilinin Çarşamba ilçesine bağlı bir mahalledir.",Eğrikum hangi ilçeye bağlı bir mahalledir?,"Eğrikum, Samsun ilinin Çarşamba ilçesine bağlı bir mahalledir."
wiki_98,235924,Quadrussis,"Quadrussis Roma Cumhuriyeti döneminde basılmış 1/4 as değerinde, ön ve arka yüzlerinde birer öküz figürü bulunan bronz bir sikkedir.",1,"Quadrussis Roma Cumhuriyeti döneminde basılmış 1/4 as değerinde, ön ve arka yüzlerinde birer öküz figürü bulunan bronz bir sikkedir.",Quadrussis nedir ve hangi dönemde basılmıştır?,"Quadrussis, Roma Cumhuriyeti döneminde basılmış, 1/4 as değerinde, ön ve arka yüzlerinde birer öküz figürü bulunan bronz bir sikkedir."
wiki_99,237711,Lübnan millî futbol takımı,"Lübnan millî futbol takımı, Lübnan'ı uluslararası arenada temsil eden futbol takımıdır.",1,"Lübnan millî futbol takımı, Lübnan'ı uluslararası arenada temsil eden futbol takımıdır.","Lübnan millî futbol takımı, uluslararası arenada hangi ülkeyi temsil etmektedir?",Lübnan'ı temsil etmektedir.
wiki_00,240236,"Şambayadı, Çukurova","Şambayadı, Adana ilinin Çukurova ilçesine bağlı bir mahalledir.",1,"Şambayadı, Adana ilinin Çukurova ilçesine bağlı bir mahalledir.",Şambayadı hangi ile bağlı bir mahalledir?,Adana iline bağlı bir mahalledir.
wiki_01,242852,La guerra de los gimnasios,"La guerra de los gimnasios, Diego Lerman tarafından yazılıp çekilen jimnastik salonlarındaki kavgaları işleyen, 24 dakikalık kısa metrajlı bir Arjantin filmidir.",1,"La guerra de los gimnasios, Diego Lerman tarafından yazılıp çekilen jimnastik salonlarındaki kavgaları işleyen, 24 dakikalık kısa metrajlı bir Arjantin filmidir.",La guerra de los gimnasios filmi hangi konuyu ele almaktadır?,"Bu film, jimnastik salonlarındaki kavgaları işlemektedir."
wiki_03,251035,Laos millî futbol takımı,"Laos millî futbol takımı, Laos'u uluslararası arenada temsil eden futbol takımıdır.",1,"Laos millî futbol takımı, Laos'u uluslararası arenada temsil eden futbol takımıdır.",Laos millî futbol takımı uluslararası arenada hangi ülkeyi temsil eder?,Laos'u temsil eder.
wiki_05,260751,English,English:,1,Verilen metin boş olduğu için anlamlı bir cümle seçilememiştir.,Sunulan metinden neden anlamlı bir cümle seçilememiştir?,"Metin içeriği boş bırakıldığından, herhangi bir anlamlı veya ilginç cümle bulunamadı ve bu nedenle seçim yapılamadı."
wiki_07,263876,"Saraycık, Develi","Saraycık, Kayseri ilinin Develi ilçesine bağlı bir mahalledir.",1,"Saraycık, Kayseri ilinin Develi ilçesine bağlı bir mahalledir.",Saraycık hangi il ve ilçeye bağlı bir mahalledir?,"Saraycık, Kayseri ilinin Develi ilçesine bağlı bir mahalledir."
wiki_08,265226,Akarsu morfolojisi,"Akarsu morfolojisi ya da diğer adıyla nehir morfolojisi, nehir kanallarının şekillerini ve zaman içerisinde nehir kanallarının yönlerinin ve şekillerinin nasıl değiştiğini göstermek için kullanılan terimlerdir.",1,"Akarsu morfolojisi ya da diğer adıyla nehir morfolojisi, nehir kanallarının şekillerini ve zaman içerisinde nehir kanallarının yönlerinin ve şekillerinin nasıl değiştiğini göstermek için kullanılan terimlerdir.",Akarsu morfolojisi veya nehir morfolojisi terimleri ne anlama gelmektedir?,"Bu terimler, nehir kanallarının şekillerini ve zamanla bu kanalların yönlerinin ve şekillerinin nasıl değiştiğini açıklamak için kullanılır."
wiki_10,269758,"Değirmigöl, Saray","Değirmigöl, Van ilinin Saray ilçesine bağlı bir mahalledir.",1,"Değirmigöl, Van ilinin Saray ilçesine bağlı bir mahalledir.",Değirmigöl hangi il ve ilçeye bağlıdır?,"Değirmigöl, Van ilinin Saray ilçesine bağlıdır."
wiki_14,277743,"Karaselendi, Selendi","Karaselendi, Manisa ilinin Selendi ilçesine bağlı bir mahalledir.",1,"Karaselendi, Manisa ilinin Selendi ilçesine bağlı bir mahalledir.",Karaselendi'nin bağlı olduğu il hangi ildir?,"Karaselendi, Manisa iline bağlıdır."
wiki_17,284341,"Eğercili, Kandıra","Eğercili, Kocaeli ilinin Kandıra ilçesine bağlı bir mahalle.",1,"Eğercili, Kocaeli ilinin Kandıra ilçesine bağlı bir mahalle.",Eğercili hangi ile ve ilçeye bağlıdır?,"Eğercili, Kocaeli ilinin Kandıra ilçesine bağlıdır."
wiki_18,285933,Le Chatelier ilkesi,"Le Chatelier İlkesi'ne göre, kimyada dengedeki bir sisteme dışarıdan bir etkide bulunulduğunda, sistem bu etkiyi azaltıcı yönde yeni bir denge hâli oluşturur.",1,"Le Chatelier İlkesi'ne göre, kimyada dengedeki bir sisteme dışarıdan bir etkide bulunulduğunda, sistem bu etkiyi azaltıcı yönde yeni bir denge hâli oluşturur.",Le Chatelier İlkesi'nin temel prensibi nedir?,"Le Chatelier İlkesi'ne göre, dengedeki bir kimyasal sisteme dışarıdan bir etki yapıldığında, sistem bu etkiyi azaltıcı yönde yeni bir denge hâli oluşturur."
wiki_20,289323,"Çukurca, Akçaabat","Çukurca, Trabzon ilinin Akçaabat ilçesine bağlı bir mahalledir.
Coğrafya.
Trabzon il merkezine 24 km, Akçaabat ilçesine 23 km uzaklıktadır.",3,"Çukurca, Trabzon ilinin Akçaabat ilçesine bağlı bir mahalledir.",Çukurca hangi ilin hangi ilçesine bağlı bir mahalledir?,"Çukurca, Trabzon ilinin Akçaabat ilçesine bağlı bir mahalledir."
wiki_22,292191,Antilocapridae,Antilocapridae Pecora kladına bağlı bir hayvan familyasıdır.,1,Antilocapridae Pecora kladına bağlı bir hayvan familyasıdır.,Antilocapridae nedir?,Pecora kladına bağlı bir hayvan familyasıdır.
wiki_23,293504,Deneme yanılma yöntemi,"Deneme yanılma yöntemi, bir uygulamayı teoride kalmayarak, uygulamada deneyerek yapıp sonucunda ortaya çıkacak başarılı ve başarısız sonuçları bizzat gözlemleyerek bir sonuca ulaşma yöntemi olarak adlandırılabilir.",1,"Deneme yanılma yöntemi, bir uygulamayı teoride kalmayarak, uygulamada deneyerek yapıp sonucunda ortaya çıkacak başarılı ve başarısız sonuçları bizzat gözlemleyerek bir sonuca ulaşma yöntemi olarak adlandırılabilir.",Metne göre deneme yanılma yöntemi neyi amaçlayan bir yaklaşımdır?,"Deneme yanılma yöntemi, bir uygulamayı yalnızca teoride bırakmayıp, onu pratikte deneyerek, ortaya çıkan başarılı ve başarısız sonuçları doğrudan gözlemleyerek bir sonuca ulaşmayı amaçlayan bir yaklaşımdır."
wiki_24,296888,Uçuşa Elverişlilik Yönergesi,"Uçabilirlik Yönergesi ya da Uçuşa Elverişlilik Yönergesi, İngilizce adı ile Airworthiness Directive ve Fransızca adı ile Consigne de Navigabilité (""CN"") ya da havacılıktaki genel kullanımı ile ""AD"", belli bir modeldeki uçak için uçağın üretici firmasının bağlı bulunduğu havacılık otoritesi ya da uçağın işletmecisinin veya sahibinin bağlı bulunduğu sivil havacılık otoritesinin hazırladığı uygulanması ve uyulması zorunlu olan bilgi notudur.",1,"Uçabilirlik Yönergesi ya da Uçuşa Elverişlilik Yönergesi, İngilizce adı ile Airworthiness Directive ve Fransızca adı ile Consigne de Navigabilité (""CN"") ya da havacılıktaki genel kullanımı ile ""AD"", belli bir modeldeki uçak için uçağın üretici firmasının bağlı bulunduğu havacılık otoritesi ya da uçağın işletmecisinin veya sahibinin bağlı bulunduğu sivil havacılık otoritesinin hazırladığı uygulanması ve uyulması zorunlu olan bilgi notudur.",Uçuşa Elverişlilik Yönergesi (AD) kimler tarafından hazırlanır ve niteliği nedir?,"Uçuşa Elverişlilik Yönergesi (AD), belli bir modeldeki uçak için uçağın üretici firmasının bağlı bulunduğu havacılık otoritesi ya da uçağın işletmecisinin veya sahibinin bağlı bulunduğu sivil havacılık otoritesi tarafından hazırlanır. Niteliği ise, uygulanması ve uyulması zorunlu olan bir bilgi notu olmasıdır."
wiki_25,299730,Boer Savaşı,"Boer Savaşı, Birleşik Krallık ile Boerler arasında günümüzde Güney Afrika Cumhuriyeti'nin kurulu olduğu topraklarda gerçekleştirilen askeri çatışmalara verilen isimdir.",1,"Boer Savaşı, Birleşik Krallık ile Boerler arasında günümüzde Güney Afrika Cumhuriyeti'nin kurulu olduğu topraklarda gerçekleştirilen askeri çatışmalara verilen isimdir.",Boer Savaşı günümüzde hangi ülkenin topraklarında gerçekleşmiştir?,"Boer Savaşı, günümüzde Güney Afrika Cumhuriyeti'nin kurulu olduğu topraklarda gerçekleşmiştir."
wiki_26,303447,Okült terimleri listesi,Bu maddede okült gelenekleri ve büyücülük ile ilgili terimlerin bir listesi mevcuttur.,1,Bu maddede okült gelenekleri ve büyücülük ile ilgili terimlerin bir listesi mevcuttur.,Bu maddenin içeriği nedir?,"Bu madde, okült gelenekleri ve büyücülük ile ilgili terimlerin bir listesini içermektedir."
wiki_27,306393,Cardcaptor Sakura bölümleri listesi,"Bu madde, Cardcaptor Sakura'nın bölümlerinin bir listesidir.",1,"Bu madde, Cardcaptor Sakura'nın bölümlerinin bir listesidir.","Verilen metne göre, bu madde ne hakkında bilgi vermektedir?","Bu madde, Cardcaptor Sakura'nın bölümlerinin bir listesidir."
wiki_31,320390,Nikotinamid,"Nikotinamid veya niyasinamid, vitamin B3 olarak bilinen niyasin'in amid halidir.",1,"Nikotinamid veya niyasinamid, vitamin B3 olarak bilinen niyasin'in amid halidir.",Vitamin B3 olarak bilinen niyasinin amid hali hangi isimlerle anılmaktadır?,Vitamin B3 olarak bilinen niyasinin amid hali Nikotinamid veya Niyasinamid isimleriyle anılmaktadır.
wiki_32,323954,Manifesto,"Manifesto veya bildiri, toplumsal bir hareketin duyurulması ve savlarının belirtilmesi üzerine kurulan, bir akımın, bir hareketin oluşunu bildiren yazılardır.",1,"Manifesto veya bildiri, toplumsal bir hareketin duyurulması ve savlarının belirtilmesi üzerine kurulan, bir akımın, bir hareketin oluşunu bildiren yazılardır.",Bir manifesto veya bildirinin tanımlayıcı özellikleri nelerdir?,"Manifesto veya bildiri, toplumsal bir hareketin duyurulması ve savlarının belirtilmesi üzerine kurulan, bir akımın ya da hareketin varlığını ilan eden yazılardır."
wiki_33,327378,The Sims Life Stories,"The Sims Life Stories Will Wright tarafından tasarlanan, dağıtımı Electronic Arts'ın, yayımlanması Maxis'in önderliğinde piyasaya sürülmüş bir strateji-hayat simülasyonu bilgisayar oyunu olan The Sims'in ileri sürümüdür.",1,"The Sims Life Stories Will Wright tarafından tasarlanan, dağıtımı Electronic Arts'ın, yayımlanması Maxis'in önderliğinde piyasaya sürülmüş bir strateji-hayat simülasyonu bilgisayar oyunu olan The Sims'in ileri sürümüdür.","The Sims Life Stories, hangi türde bir bilgisayar oyunudur ve hangi oyunun ileri sürümüdür?","The Sims Life Stories, bir strateji-hayat simülasyonu bilgisayar oyunu olup, The Sims'in ileri sürümüdür."
wiki_37,338129,Portulacaceae,Portulacaceae Caryophyllales takımına bağlı bir bitki familyasıdır.,1,Portulacaceae Caryophyllales takımına bağlı bir bitki familyasıdır.,Portulacaceae hangi takıma bağlı bir bitki familyasıdır?,Caryophyllales takımı.
wiki_41,352382,Çanakkale Savaşı deniz harekâtlarına katılan İtilaf Devletlerine ait savaş gemileri listesi,"Bu liste, Çanakkale Savaşı süresince bölgede görev almış savaş gemilerini göstermektedir.",1,"Bu liste, Çanakkale Savaşı süresince bölgede görev almış savaş gemilerini göstermektedir.",Bu liste ne hakkında bilgi vermektedir?,Çanakkale Savaşı süresince bölgede görev almış savaş gemilerini göstermektedir.
wiki_43,358604,"Sapalan, Koçarlı","Sapalan, Aydın ilinin Koçarlı ilçesine bağlı bir mahalledir.",1,"Sapalan, Aydın ilinin Koçarlı ilçesine bağlı bir mahalledir.","Sapalan, idari olarak hangi il ve ilçeye bağlı bir yerleşim birimidir?","Sapalan, Aydın ilinin Koçarlı ilçesine bağlı bir mahalledir."
wiki_46,369542,Duva,"Duva, Alcyoniidae familyasına bağlı bir hayvan cinsidir.",1,"Duva, Alcyoniidae familyasına bağlı bir hayvan cinsidir.","Duva, hangi familyaya bağlı bir hayvan cinsidir?","Duva, Alcyoniidae familyasına bağlı bir hayvan cinsidir."
wiki_49,376736,Simetidin,"Simetidin, H2-reseptör antagonistleri sınıfından mide asidi üretimini inhibe eden bir ilaçtır.",1,"Simetidin, H2-reseptör antagonistleri sınıfından mide asidi üretimini inhibe eden bir ilaçtır.",Simetidin hangi ilaç sınıfına aittir ve vücutta ne gibi bir etki gösterir?,"Simetidin, H2-reseptör antagonistleri sınıfına aittir ve mide asidi üretimini inhibe etme etkisi gösterir."
wiki_52,386039,Krwlng,"Krwlng, Linkin Park'ın 2000 yılında çıkardıkları Hybrid Theory adlı albümlerinde yayınladıkları Crawling isimli parçanın 2002 yılındaki Reanimation isimli Remix albümlerindeki Remix versiyonu Krwlng.",1,"Krwlng, Linkin Park'ın 2000 yılında çıkardıkları Hybrid Theory adlı albümlerinde yayınladıkları Crawling isimli parçanın 2002 yılındaki Reanimation isimli Remix albümlerindeki Remix versiyonu Krwlng.","Linkin Park'ın 'Reanimation' albümünde yer alan 'Krwlng' parçası, hangi orijinal şarkının remix versiyonudur ve bu orijinal şarkı hangi albümde yayınlanmıştır?","Krwlng, Linkin Park'ın 2000 yılında 'Hybrid Theory' adlı albümlerinde yayınladıkları 'Crawling' isimli parçanın remix versiyonudur."
wiki_53,388383,Annette Bening,"Annette Carol Bening, (29 Mayıs 1958) Altın Küre, BAFTA ve SAG ödülü sahibi Amerikalı oyuncudur.",1,"Annette Carol Bening, (29 Mayıs 1958) Altın Küre, BAFTA ve SAG ödülü sahibi Amerikalı oyuncudur.",Annette Carol Bening hangi önemli ödüllere sahiptir?,"Annette Carol Bening, Altın Küre, BAFTA ve SAG ödülü sahibidir."
wiki_58,401548,Tehlikedeki tür,"Tehlikedeki türler, neslinin tükenme riski çok yüksek olan türlerdir.",1,"Tehlikedeki türler, neslinin tükenme riski çok yüksek olan türlerdir.",Tehlikedeki türler nasıl tanımlanır?,Neslinin tükenme riski çok yüksek olan türlerdir.
wiki_59,404717,2007 Dünya Halter Şampiyonası - Erkekler 56 kg,"2007 Dünya Halter Şampiyonası'nda Erkekler 56 kg yarışması, 17-18 Eylül 2007 tarihinde gerçekleştirildi.",1,"2007 Dünya Halter Şampiyonası'nda Erkekler 56 kg yarışması, 17-18 Eylül 2007 tarihinde gerçekleştirildi.",2007 Dünya Halter Şampiyonası'nda düzenlenen Erkekler 56 kg yarışması hangi tarihlerde yapılmıştır?,17-18 Eylül 2007 tarihinde.
wiki_61,412758,DFS 194,"DFS 194, Alexander Lippisch tarafından Deutsche Forschungsanstalt für Segelflug (DFS - ""Alman Planör Uçuşu Enstitüsü) dahilinde geliştirilmiş roket motorlu uçak prototipi.",1,"DFS 194, Alexander Lippisch tarafından Deutsche Forschungsanstalt für Segelflug (DFS - ""Alman Planör Uçuşu Enstitüsü) dahilinde geliştirilmiş roket motorlu uçak prototipi.","Alexander Lippisch tarafından geliştirilen DFS 194, ne tür bir araç prototipidir?",Roket motorlu bir uçak prototipidir.
wiki_63,421819,Peter Carey,"Peter Carey, (7 Mayıs 1943 doğumlu), ""Oscar and Lucinda"" adlı romanıyla 1988 ve ""True History of the Kelly Gang"" adlı romanıyla 2001 Man Booker Ödülü'nü kazanan Avustralyalı yazar.",1,"Peter Carey, (7 Mayıs 1943 doğumlu), ""Oscar and Lucinda"" adlı romanıyla 1988 ve ""True History of the Kelly Gang"" adlı romanıyla 2001 Man Booker Ödülü'nü kazanan Avustralyalı yazar.","Peter Carey, Man Booker Ödülü'nü hangi romanlarıyla ve hangi yıllarda kazanmıştır?","Peter Carey, Man Booker Ödülü'nü ""Oscar and Lucinda"" adlı romanıyla 1988'de ve ""True History of the Kelly Gang"" adlı romanıyla 2001'de kazanmıştır."
wiki_66,431804,Hatice Sultan,Hatice Sultan Osmanlı tarihinde adı geçen Hatice adını taşıyan birden fazla padişah eşi veya kızı anlamına gelebilir:,1,Hatice Sultan Osmanlı tarihinde adı geçen Hatice adını taşıyan birden fazla padişah eşi veya kızı anlamına gelebilir.,"Metne göre, 'Hatice Sultan' unvanı Osmanlı tarihinde ne gibi bir belirsizliğe işaret edebilir?","Metin, 'Hatice Sultan' unvanının Osmanlı tarihinde Hatice adını taşıyan birden fazla padişah eşi veya kızı anlamına gelebileceğini, dolayısıyla tek bir kişiye işaret etmeyip bir belirsizlik barındırdığını belirtmektedir."
wiki_67,434861,Carl Lindhagen,Carl Lindhagen (1860 - 1946) İsveçli bir sosyalist politikacı.,1,Carl Lindhagen (1860 - 1946) İsveçli bir sosyalist politikacı.,Carl Lindhagen'in mesleği ve politik görüşü neydi?,"Carl Lindhagen, İsveçli bir sosyalist politikacıydı."
wiki_69,443486,Kırgız filmleri listesi,Bu liste Kırgızistan yapımı filmleri içermektedir.,1,Bu liste Kırgızistan yapımı filmleri içermektedir.,Verilen bilgiye göre bu liste hangi ülkenin filmlerini kapsamaktadır?,Bu liste Kırgızistan yapımı filmleri kapsamaktadır.
wiki_71,452432,1914 Osmanlı İmparatorluğu nüfus sayımı,"TSK Genelkurmay Başkanlığı arşivinde bulunan belgelerde vilayet ve sancaklara göre Müslüman, Ermeni ve Rum nüfus bilgisi aşağıdaki tablodadır.",1,"TSK Genelkurmay Başkanlığı arşivinde bulunan belgelerde vilayet ve sancaklara göre Müslüman, Ermeni ve Rum nüfus bilgisi aşağıdaki tablodadır.",Yukarıdaki cümlede bahsedilen nüfus bilgileri hangi etnik grupları kapsamaktadır?,"Nüfus bilgileri Müslüman, Ermeni ve Rum etnik gruplarını kapsamaktadır."
wiki_73,460999,Rapturka,"Rapturka, Ogeday'ın 2003 yılının yaz aylarında çıkan ilk albümüdür.",1,"Rapturka, Ogeday'ın 2003 yılının yaz aylarında çıkan ilk albümüdür.",Ogeday'ın ilk albümünün adı nedir ve ne zaman piyasaya sürülmüştür?,Ogeday'ın ilk albümünün adı Rapturka'dır ve 2003 yılının yaz aylarında piyasaya sürülmüştür.
wiki_77,477795,Mani (tıp),"Mani, kişinin depresyon sürecinde normal hâlinden farklı, abartılı ve aşırı davranışlar sergilemesi durumu.",1,"Mani, kişinin depresyon sürecinde normal hâlinden farklı, abartılı ve aşırı davranışlar sergilemesi durumu.",Mani nedir?,"Mani, kişinin depresyon sürecinde normal hâlinden farklı, abartılı ve aşırı davranışlar sergilemesi durumudur."
wiki_78,481029,Fiat Punto,"Fiat Punto, Fiat'ın ürettiği otomobil modeli.",1,"Fiat Punto, Fiat'ın ürettiği otomobil modeli.",Fiat Punto hangi markanın ürettiği bir otomobil modelidir?,Fiat.
wiki_79,483624,Dacryodes excelsa,"Dacryodes excelsa, ""Dacryodes"" cinsine bağlı bir bitki türüdür.",1,"Dacryodes excelsa, ""Dacryodes"" cinsine bağlı bir bitki türüdür.",Dacryodes excelsa hangi cinse aittir?,"""Dacryodes"" cinsine aittir."
wiki_80,486907,Timbaland Presents Shock Value,"Timbaland Presents Shock Value, Amerikalı yapımcı Timbaland'in ikinci solo albümü.",1,"Timbaland Presents Shock Value, Amerikalı yapımcı Timbaland'in ikinci solo albümü.",Metne göre Timbaland Presents Shock Value nedir?,Amerikalı yapımcı Timbaland'in ikinci solo albümüdür.
wiki_82,494587,Paraíba,Paraíba Brezilya'nın 26 eyaletinden biridir.,1,Paraíba Brezilya'nın 26 eyaletinden biridir.,"Paraíba, Brezilya'nın idari yapısında neye karşılık gelmektedir?","Paraíba, Brezilya'nın 26 eyaletinden biridir."
wiki_85,508576,Nüfusa göre Avrupa Birliği üye devletler listesi,"Bu liste, Eurostat tarafından açıklanan 2020 nüfus verilerine göre sıralanmış, Avrupa Birliği üye devletlerinin bir listesidir.",1,"Bu liste, Eurostat tarafından açıklanan 2020 nüfus verilerine göre sıralanmış, Avrupa Birliği üye devletlerinin bir listesidir.","Bu liste, hangi kurum tarafından açıklanan ve hangi yıla ait verilere göre sıralanmıştır?",Eurostat tarafından açıklanan 2020 nüfus verilerine göre sıralanmıştır.
wiki_86,514038,2004 Yaz Olimpiyatları'nda tenis - Tek kadınlar,"2004 Yaz Olimpiyatları tenis Tek Kadınlar müsabakaları Atina ""Athens Olympic Tennis Centre"" 'da yapılmıştır.",1,"2004 Yaz Olimpiyatları tenis Tek Kadınlar müsabakaları Atina ""Athens Olympic Tennis Centre"" 'da yapılmıştır.",2004 Yaz Olimpiyatları'ndaki tenis Tek Kadınlar müsabakaları nerede düzenlenmiştir?,"Atina'daki ""Athens Olympic Tennis Centre"" tesisinde düzenlenmiştir."
wiki_87,519094,Balayı kingi,"Balayı kingi, iki kişiyle oynanan ve sadece koz oyunundan ibaret bir iskambil oyunudur.",1,"Balayı kingi, iki kişiyle oynanan ve sadece koz oyunundan ibaret bir iskambil oyunudur.",Balayı kingi'nin temel özellikleri nelerdir?,"Balayı kingi, iki kişiyle oynanan ve sadece koz oyunundan ibaret olan bir iskambil oyunudur."
wiki_89,530119,"Karabedirler, Çivril","Karabedirler, Denizli'nin Çivril ilçesine bağlı bir mahalle.",1,"Karabedirler, Denizli'nin Çivril ilçesine bağlı bir mahalle.",Karabedirler nerede bulunmaktadır?,"Karabedirler, Denizli'nin Çivril ilçesine bağlı bir mahalledir."
wiki_90,535813,Radiata,"Radiata, Animalia (hayvanlar) âlemine bağlı bir altâlemdir.",1,"Radiata, Animalia (hayvanlar) âlemine bağlı bir altâlemdir.","Radiata, taksonomik olarak neye bağlı bir altâlemdir?","Radiata, Animalia (hayvanlar) âlemine bağlı bir altâlemdir."
wiki_91,541586,Cyclostomata,"Cyclostomata, Stenolaemata altsınıfına bağlı bir hayvan takımıdır.",1,"Cyclostomata, Stenolaemata altsınıfına bağlı bir hayvan takımıdır.",Cyclostomata hangi altsınıfa bağlı bir hayvan takımıdır?,"Cyclostomata, Stenolaemata altsınıfına bağlı bir hayvan takımıdır."
wiki_93,552958,Claudia Fontán,"Claudia Fontán, Arjantinli aktris.",1,"Claudia Fontán, Arjantinli aktris.",Claudia Fontán kimdir?,"Claudia Fontán, Arjantinli bir aktristir."
wiki_96,564752,2007 Dünya Kürek Şampiyonası,"30 ncu Dünya Kürek Şampiyonası, 26 Ağustos ve 2 Eylül, 2007 tarihleri arasında Almanya'nın Münih kentinde yapıldı.",1,"30 ncu Dünya Kürek Şampiyonası, 26 Ağustos ve 2 Eylül, 2007 tarihleri arasında Almanya'nın Münih kentinde yapıldı.",30. Dünya Kürek Şampiyonası hangi şehirde düzenlendi?,Almanya'nın Münih kentinde.
wiki_98,572800,"Çayırdere, Silivri","Çayırdere, İstanbul ilinin Silivri ilçesine bağlı bir mahalledir.",1,"Çayırdere, İstanbul ilinin Silivri ilçesine bağlı bir mahalledir.",Çayırdere hangi ile bağlı bir mahalledir?,"Çayırdere, İstanbul ilinin Silivri ilçesine bağlı bir mahalledir."
wiki_99,576203,İskete,"İskete, ispinozgiller (Fringillidae) familyasından ""Carduelis"" ve ""Serinus"" cinsinden bazı kuş türlerinin ortak adı.",1,"İskete, ispinozgiller (Fringillidae) familyasından ""Carduelis"" ve ""Serinus"" cinsinden bazı kuş türlerinin ortak adı.",İskete hangi familyadan kuş türlerinin ortak adıdır?,"İskete, ispinozgiller (Fringillidae) familyasından kuş türlerinin ortak adıdır."
wiki_00,580405,Hypercompe scribonia,"Hypercompe scribonia, ""Hypercompe"" cinsine bağlı bir hayvan türüdür.",1,"Hypercompe scribonia, ""Hypercompe"" cinsine bağlı bir hayvan türüdür.",Hypercompe scribonia hangi cinsin bir üyesidir?,"Hypercompe scribonia, ""Hypercompe"" cinsine bağlı bir hayvan türüdür."
wiki_04,597073,Stand My Ground,"""Stand My Ground"", senfonik rock topluluğu Within Temptation'ın 2004 yılında çıkan teklisidir.",1,"""Stand My Ground"", senfonik rock topluluğu Within Temptation'ın 2004 yılında çıkan teklisidir.",Within Temptation hangi müzik türünde bir topluluktur?,Senfonik rock topluluğudur.
wiki_05,601700,"Çengilli, Şile","Çengilli, İstanbul ilinin Şile ilçesine bağlı bir mahalledir.",1,"Çengilli, İstanbul ilinin Şile ilçesine bağlı bir mahalledir.",Çengilli hangi ilçeye bağlı bir mahalledir?,"Çengilli, Şile ilçesine bağlı bir mahalledir."
wiki_09,618343,The Brat,"The Brat, 1931 yılı yapımı, yönetmenliğini John Ford'un üstlendiği komedi türünde ABD filmi.",1,"The Brat, 1931 yılı yapımı, yönetmenliğini John Ford'un üstlendiği komedi türünde ABD filmi.",The Brat filminin yönetmeni kimdir?,The Brat filminin yönetmenliğini John Ford üstlenmiştir.
wiki_10,622189,Music for the Masses,"Music for the Masses, Depeche Mode'un 28 Eylül 1987'de yayınlanan albümü.",1,"Music for the Masses, Depeche Mode'un 28 Eylül 1987'de yayınlanan albümü.",Depeche Mode'un 'Music for the Masses' albümü ne zaman yayınlandı?,'Music for the Masses' albümü 28 Eylül 1987'de yayınlandı.
wiki_14,637962,Schmallenberg,"Schmallenberg, Almanya'nın kuzeybatısında, Kuzey Ren-Vestfalya eyâletinde (Land) bir kent.",1,"Schmallenberg, Almanya'nın kuzeybatısında, Kuzey Ren-Vestfalya eyâletinde (Land) bir kent.","Schmallenberg, Almanya'nın hangi bölgesinde ve hangi eyaletinde yer almaktadır?","Schmallenberg, Almanya'nın kuzeybatısında, Kuzey Ren-Vestfalya eyâletinde yer almaktadır."
wiki_18,652214,Zincirlikuyu (anlam ayrımı),Zincirlikuyu aşağıdaki anlamlara gelebilir:,1,Zincirlikuyu aşağıdaki anlamlara gelebilir:,Metne göre Zincirlikuyu'nun hangi anlamlara gelebileceği belirtilmiştir?,Verilen metinde Zincirlikuyu'nun hangi anlamlara gelebileceği belirtilmemiştir; sadece bir giriş cümlesi sunulmuştur.
wiki_20,663877,Ergin,"Ergin, bir yer ismi, erkek ismi ve soyadı, şu anlamlara gelebilir:",1,"Ergin, bir yer ismi, erkek ismi ve soyadı, şu anlamlara gelebilir:",Metne göre 'Ergin' kelimesi hangi tür isimler için kullanılabilir?,"Metne göre 'Ergin' bir yer ismi, erkek ismi ve soyadı olarak kullanılabilir."
wiki_27,706836,Carlos Alberto Torres,"Carlos Alberto ""Capita"" Torres (17 Haziran 1944, Rio de Janeiro - 25 Ekim 2016) defans mevkiinde forma giymiş Brezilyalı eski millî futbolcu ve teknik direktör.",1,"Carlos Alberto ""Capita"" Torres (17 Haziran 1944, Rio de Janeiro - 25 Ekim 2016) defans mevkiinde forma giymiş Brezilyalı eski millî futbolcu ve teknik direktör.","Carlos Alberto ""Capita"" Torres futbol kariyerinde başlıca hangi rollerde bulunmuştur?","Carlos Alberto Torres, Brezilyalı eski bir millî futbolcu olarak defans mevkiinde forma giymiş ve kariyerine teknik direktör olarak da devam etmiştir."
wiki_28,711996,Doğal ortamına gönderme,"Doğal ortamına gönderme, nesli tehlikede olan veya doğal ortamında tükenmiş türlerin doğal yaşam alanlarına salınmasıdır.",1,"Doğal ortamına gönderme, nesli tehlikede olan veya doğal ortamında tükenmiş türlerin doğal yaşam alanlarına salınmasıdır.",Doğal ortamına gönderme ne anlama gelmektedir?,"Doğal ortamına gönderme, nesli tehlikede olan veya doğal ortamında tükenmiş türlerin kendi doğal yaşam alanlarına geri salınması işlemidir."
wiki_30,727667,Aşağı Avusturya Bölgeleri,Aşağı Avusturya (Niederösterreich)'nın 21 bölgesi (Bezirk) ve 4 müstakil şehri (Statutarstadt) vardır.,1,Aşağı Avusturya (Niederösterreich)'nın 21 bölgesi (Bezirk) ve 4 müstakil şehri (Statutarstadt) vardır.,Aşağı Avusturya'nın idari yapısı kaç bölge ve müstakil şehirden oluşmaktadır?,Aşağı Avusturya'nın 21 bölgesi (Bezirk) ve 4 müstakil şehri (Statutarstadt) bulunmaktadır.
wiki_36,765596,L'éclipse du soleil en pleine lune,"L'éclipse du soleil en pleine lune (""Güneş Tutulması""), yönetmenliği Georges Méliès tarafından yapılan 1907 yılı Fransa yapımı sessiz film.",1,"L'éclipse du soleil en pleine lune (""Güneş Tutulması""), yönetmenliği Georges Méliès tarafından yapılan 1907 yılı Fransa yapımı sessiz film.","Georges Méliès tarafından yönetilen L'éclipse du soleil en pleine lune (""Güneş Tutulması"") filmi hangi ülkenin yapımıdır?",Bu film Fransa yapımıdır.
wiki_39,781738,Sonny'nin Yıldızı bölümleri listesi,Disney Channel dizisi Sonny'nin Yıldızı bölümleri listesi.,1,Disney Channel dizisi Sonny'nin Yıldızı bölümleri listesi.,Metinde bahsedilen listenin konusu hangi dizinin bölümleridir?,"Liste, Disney Channel dizisi Sonny'nin Yıldızı'nın bölümleridir."
wiki_41,793144,İki Cambaz,"İki Cambaz, yönetmenliğini Natuk Baytan'ın yaptığı ve başrollerde Cüneyt Arkın ve Erol Taş'ın yer aldığı 1979 yapımı aksiyon-komedi türünde Türk filmi",1,"İki Cambaz, yönetmenliğini Natuk Baytan'ın yaptığı ve başrollerde Cüneyt Arkın ve Erol Taş'ın yer aldığı 1979 yapımı aksiyon-komedi türünde Türk filmi",İki Cambaz filminin yönetmeni kimdir?,Natuk Baytan.
wiki_43,805955,2009 yılı Türkiye Top 20 bir numara parçaların listesi,"Bu, 2009 yılında Billboard Türkiye Top 20 listesinde 1 numara olmuş parçaların bir listesidir.",1,"Bu, 2009 yılında Billboard Türkiye Top 20 listesinde 1 numara olmuş parçaların bir listesidir.",Metinde bahsedilen listenin temel özelliği nedir?,2009 yılında Billboard Türkiye Top 20 listesinde 1 numara olmuş parçaları içermesidir.
wiki_46,829470,MEKO,"MEKO (Mehrzweck-fregatten Konzept), Blohm + Voss firmasının tasarladığı savaş gemisi ailesi.",1,"MEKO (Mehrzweck-fregatten Konzept), Blohm + Voss firmasının tasarladığı savaş gemisi ailesi.",MEKO savaş gemisi ailesini hangi firma tasarlamıştır?,MEKO savaş gemisi ailesini Blohm + Voss firması tasarlamıştır.
wiki_47,835333,Abell 520,"Abell 520, Avcı takımyıldızı bölgesinde bulunan ve önemli bir birleşme sonucunda alışılmadık bir yapı oluşturmuş olan gökada kümesi.",1,"Abell 520, Avcı takımyıldızı bölgesinde bulunan ve önemli bir birleşme sonucunda alışılmadık bir yapı oluşturmuş olan gökada kümesi.",Abell 520'nin alışılmadık yapısı nasıl oluşmuştur?,Önemli bir birleşme sonucunda oluşmuştur.
wiki_48,843433,"Yaşar Ne Yaşar Ne Yaşamaz (film, 2008)","Yaşar Ne Yaşar Ne Yaşamaz, başrollerde Şafak Sezer, Sıla Çetindağ, Turgay Tanülkü ve Necmi Yapıcı gibi oyuncuların yer aldığı, Aziz Nesin' in aynı adlı eserinden sinemaya uyarlanmış 2008 yapımı bir TV filmidir.",1,"Yaşar Ne Yaşar Ne Yaşamaz, başrollerde Şafak Sezer, Sıla Çetindağ, Turgay Tanülkü ve Necmi Yapıcı gibi oyuncuların yer aldığı, Aziz Nesin' in aynı adlı eserinden sinemaya uyarlanmış 2008 yapımı bir TV filmidir.",Yaşar Ne Yaşar Ne Yaşamaz adlı TV filmi hangi yazarın eserinden uyarlanmıştır?,Aziz Nesin'in aynı adlı eserinden uyarlanmıştır.
wiki_49,850504,Show TV tarafından yayınlanan programlar listesi,Show TV'de daha önce yayınlanmış ve günümüzde yayınlanmakta olan televizyon programlarının bir listesidir.,1,Show TV'de daha önce yayınlanmış ve günümüzde yayınlanmakta olan televizyon programlarının bir listesidir.,"Yukarıda bahsedilen liste, Show TV'ye ait hangi dönem programlarını içermektedir?",Hem daha önce yayınlanmış hem de günümüzde yayınlanmakta olan televizyon programlarını içermektedir.
wiki_52,872691,Braindead,"Braindead, (Ayrıca ""Dead Alive"" olarak da bilinir) Peter Jackson tarafından yönetilen komedi, korku filmidir.",1,"Braindead, (Ayrıca ""Dead Alive"" olarak da bilinir) Peter Jackson tarafından yönetilen komedi, korku filmidir.",Braindead filminin yönetmeni kimdir?,Peter Jackson
wiki_54,884569,NGC 2281,"NGC 2281, Arabacı takımyıldızı yönünde bulunan bir açık yıldız kümesi.",1,"NGC 2281, Arabacı takımyıldızı yönünde bulunan bir açık yıldız kümesi.",NGC 2281 nedir ve nerede bulunur?,"NGC 2281, Arabacı takımyıldızı yönünde bulunan bir açık yıldız kümesidir."
wiki_55,891254,Ateşli Geceler,Ateşli Geceler ile şu maddeler kastedilmiş olabilir:,1,Ateşli Geceler ile şu maddeler kastedilmiş olabilir:,"Seçilen cümleye göre, 'Ateşli Geceler' ifadesiyle neyin kastedildiği hakkında metin bize hangi bilgiyi sunmaktadır?","Metin, 'Ateşli Geceler' ifadesiyle neyin kastedildiğine dair potansiyel maddelerin veya açıklamaların bir listesinin geleceğini belirtmekle birlikte, bu maddelerin kendisi metinde verilmemiştir."
wiki_58,904836,Phaethontiformes,Phaethontiformes yaşayan Phaethontidae ve soyu tükenmiş Prophaethontidae familyalarından oluşan bir kuş takımıdır.,1,Phaethontiformes yaşayan Phaethontidae ve soyu tükenmiş Prophaethontidae familyalarından oluşan bir kuş takımıdır.,Phaethontiformes hangi familyalardan oluşur?,"Phaethontiformes, yaşayan Phaethontidae ve soyu tükenmiş Prophaethontidae familyalarından oluşur."
wiki_62,926949,Begonya,"Begonia semperflorens, ""Begonia"" cinsine bağlı bir bitki türüdür.",1,"Begonia semperflorens, ""Begonia"" cinsine bağlı bir bitki türüdür.",Begonia semperflorens hangi cinse bağlı bir bitki türüdür?,"Begonia semperflorens, ""Begonia"" cinsine bağlı bir bitki türüdür."
wiki_65,942701,Green,İngilizcede green bir renktir (yeşil).,1,İngilizcede green bir renktir (yeşil).,İngilizcede 'green' kelimesi ne anlama gelmektedir?,"İngilizcede 'green' bir renk adı olup, Türkçede 'yeşil' anlamına gelir."
wiki_66,946909,Orléans,"Orléans, Fransa'da, Centre bölgesinin (Région) ve Loiret ilinin (département) merkezi durumunda olan kenttir.",1,"Orléans, Fransa'da, Centre bölgesinin (Région) ve Loiret ilinin (département) merkezi durumunda olan kenttir.","Orléans, Fransa'da hangi idari birimlerin merkezi durumundadır?",Centre bölgesinin (Région) ve Loiret ilinin (département) merkezidir.
wiki_68,955841,Anna Maria Jopek,"Anna Maria Jopek (14 Aralık 1970, Varşova), Polonyalı şarkıcı.",1,"Anna Maria Jopek (14 Aralık 1970, Varşova), Polonyalı şarkıcı.",Anna Maria Jopek'in mesleği nedir ve hangi ülkedendir?,"Anna Maria Jopek, Polonyalı bir şarkıcıdır."
wiki_69,958854,Kavak Yelleri oyuncuları listesi,"Bu maddede, 2007-2011 yılları arasında Kanal D'de yayımlanan ""Kavak Yelleri"" adlı dizinin oyuncu listesi yer almaktadır.",1,"Bu maddede, 2007-2011 yılları arasında Kanal D'de yayımlanan ""Kavak Yelleri"" adlı dizinin oyuncu listesi yer almaktadır.","""Kavak Yelleri"" dizisi hangi kanal ve hangi yıllar arasında yayımlanmıştır?","""Kavak Yelleri"" dizisi Kanal D'de, 2007-2011 yılları arasında yayımlanmıştır."
wiki_72,981990,James Hopwood Jeans,"Sir James Hopwood Jeans (11 Eylül 1877, Ormskirk, Lancashire - 16 Eylül 1946, Dorking, Surrey) İngiliz fizikçi, gökbilimci ve matematikçidir.",1,"Sir James Hopwood Jeans (11 Eylül 1877, Ormskirk, Lancashire - 16 Eylül 1946, Dorking, Surrey) İngiliz fizikçi, gökbilimci ve matematikçidir.",Sir James Hopwood Jeans hangi alanlarda uzmanlaşmış bir bilim insanıydı?,"O bir fizikçi, gökbilimci ve matematikçiydi."
wiki_76,1008354,Embraer ERJ serisi,Embraer ERJ 145 (kısaca ERJ 145) Brezilyalı Embraer firması tarafından üretilen bölgesel jet sınıfı uçak modelidir.,1,Embraer ERJ 145 (kısaca ERJ 145) Brezilyalı Embraer firması tarafından üretilen bölgesel jet sınıfı uçak modelidir.,Embraer ERJ 145 hangi türde bir uçak modelidir?,"Embraer ERJ 145, bölgesel jet sınıfı bir uçak modelidir."
wiki_81,1041011,Avrupa Şampiyonası,"Avrupa Şampiyonası grubu altında toplanabilecek, düzenli olarak Avrupa'da gerçekleşen şampiyonluk karşılaşmaları aşağıda listelenmiştir.",1,"Avrupa Şampiyonası grubu altında toplanabilecek, düzenli olarak Avrupa'da gerçekleşen şampiyonluk karşılaşmaları aşağıda listelenmiştir.",Metinde aşağıda nelerin listelendiği belirtilmiştir?,"Avrupa Şampiyonası grubu altında toplanabilecek, düzenli olarak Avrupa'da gerçekleşen şampiyonluk karşılaşmaları."
wiki_82,1045887,Yunanistan başbakanları listesi,Bu listede modern Yunan devletinin hükûmet başkanları sıralanmıştır.,1,Bu listede modern Yunan devletinin hükûmet başkanları sıralanmıştır.,Bu liste hangi ülkenin hükûmet başkanlarını içermektedir?,"Liste, modern Yunan devletinin hükûmet başkanlarını içermektedir."
wiki_84,1056259,Leonid Kravçuk,"Leonid Makaroviç Kravçuk (10 Ocak 1934 - 10 Mayıs 2022), Ukraynalı politikacı ve 5 Aralık 1991 tarihinden, 19 Temmuz 1994 tarihindeki istifasına kadar Ukrayna devlet başkanlığını sürdürmüş devlet adamı.",1,"Leonid Makaroviç Kravçuk (10 Ocak 1934 - 10 Mayıs 2022), Ukraynalı politikacı ve 5 Aralık 1991 tarihinden, 19 Temmuz 1994 tarihindeki istifasına kadar Ukrayna devlet başkanlığını sürdürmüş devlet adamı.",Leonid Kravçuk'un Ukrayna devlet başkanlığı görevi ne şekilde sona ermiştir?,"Leonid Kravçuk'un Ukrayna devlet başkanlığı görevi, 19 Temmuz 1994 tarihindeki istifasıyla sona ermiştir."
wiki_86,1067651,Paralı Askerler,"Paralı asker, para karşılığında yabancı bir devlet hesabına çalışan asker. Şu anlamlara da gelebilir",1,"Paralı asker, para karşılığında yabancı bir devlet hesabına çalışan asker.",Paralı asker kimdir?,"Paralı asker, para karşılığında yabancı bir devlet hesabına çalışan askerdir."
wiki_90,1092755,Birleşmiş Milletler bayrağı,"Birleşmiş Milletler bayrağı, 20 Ekim 1947'de kabul edilen Birleşmiş Milletler (BM) bayrağı açık mavi bir zemin ortasına yerleştirilmiş beyaz BM ambleminden oluşmaktadır.",1,"Birleşmiş Milletler bayrağı, 20 Ekim 1947'de kabul edilen Birleşmiş Milletler (BM) bayrağı açık mavi bir zemin ortasına yerleştirilmiş beyaz BM ambleminden oluşmaktadır.",Birleşmiş Milletler (BM) bayrağı hangi tarihte kabul edilmiştir ve temel özellikleri nelerdir?,Birleşmiş Milletler (BM) bayrağı 20 Ekim 1947'de kabul edilmiştir ve açık mavi bir zemin ortasına yerleştirilmiş beyaz BM ambleminden oluşmaktadır.
wiki_91,1096948,Tefecilik,"Tefecilik (faizcilik, murabaha), kişilerden hukuki sınırı geçen bir miktarda faiz alarak borç para verme uygulamasıdır.",1,"Tefecilik (faizcilik, murabaha), kişilerden hukuki sınırı geçen bir miktarda faiz alarak borç para verme uygulamasıdır.",Metne göre tefecilik ne şekilde tanımlanmaktadır?,Metne göre tefecilik; kişilerden hukuki sınırı geçen bir miktarda faiz alarak borç para verme uygulaması olarak tanımlanmaktadır.
wiki_92,1102598,Rhipicephalus guilhoni,"Rhipicephalus guilhoni, ""Rhipicephalus"" cinsine bağlı bir hayvan türüdür.",1,"Rhipicephalus guilhoni, ""Rhipicephalus"" cinsine bağlı bir hayvan türüdür.",Rhipicephalus guilhoni hangi cinse aittir?,"Rhipicephalus guilhoni, ""Rhipicephalus"" cinsine aittir."
wiki_93,1107744,Icterus,"Icterus, Icteridae familyasına bağlı bir kuş cinsidir.",1,"Icterus, Icteridae familyasına bağlı bir kuş cinsidir.",Icterus hangi hayvan grubuna aittir?,"Icterus, Icteridae familyasına bağlı bir kuş cinsidir."
wiki_94,1111359,Tichodroma,"Tichodroma, Tichodromidae familyasına bağlı bir kuş cinsidir.",1,"Tichodroma, Tichodromidae familyasına bağlı bir kuş cinsidir.",Tichodroma hangi familyaya bağlı bir kuş cinsidir?,Tichodromidae familyasına bağlı bir kuş cinsidir.
wiki_99,1130789,NGC 5506 Grubu,"NGC 5506 Grubu, Başak III Grupları içerisindeki ve Başak kümesi'nin bir parçası olan küçük bir gökada grubu.",1,"NGC 5506 Grubu, Başak III Grupları içerisindeki ve Başak kümesi'nin bir parçası olan küçük bir gökada grubu.","NGC 5506 Grubu, hangi daha büyük kozmik yapılar içerisinde yer almaktadır?","NGC 5506 Grubu, Başak III Grupları içerisinde ve Başak kümesi'nin bir parçası olarak yer almaktadır."
wiki_03,1143665,Alibahadır,"Alibahadır, İstanbul ilinin Beykoz ilçesine bağlı bir mahalledir.",1,"Alibahadır, İstanbul ilinin Beykoz ilçesine bağlı bir mahalledir.",Alibahadır hangi il ve ilçeye bağlıdır?,"Alibahadır, İstanbul ilinin Beykoz ilçesine bağlıdır."
wiki_04,1146620,"Yüreğil, Serinhisar","Yüreğil, Denizli'nin Serinhisar ilçesine bağlı bir mahalle.",1,"Yüreğil, Denizli'nin Serinhisar ilçesine bağlı bir mahalle.",Yüreğil hangi ilçeye bağlı bir mahalledir?,"Yüreğil, Denizli'nin Serinhisar ilçesine bağlı bir mahalledir."
wiki_08,1162438,"Turgutlu, Tire","Turgutlu, İzmir ilinin Tire ilçesine bağlı bir mahalledir.",1,"Turgutlu, İzmir ilinin Tire ilçesine bağlı bir mahalledir.",Turgutlu hangi ilin hangi ilçesine bağlı bir mahalledir?,"Turgutlu, İzmir ilinin Tire ilçesine bağlı bir mahalledir."
wiki_11,1177777,Yol Ver Dağlar,"Yol Ver Dağlar, Musa Eroğlu'nun 1994 yılında çıkardığı solo albümüdür.",1,"Yol Ver Dağlar, Musa Eroğlu'nun 1994 yılında çıkardığı solo albümüdür.",Musa Eroğlu'nun 1994 yılında çıkardığı solo albümünün adı nedir?,"Albümün adı ""Yol Ver Dağlar""dır."
wiki_12,1182119,The Spectacular Spider-Man,The Spectacular Spider-Man 2008 yapımı Amerikan animasyon televizyon serisidir.,1,The Spectacular Spider-Man 2008 yapımı Amerikan animasyon televizyon serisidir.,The Spectacular Spider-Man ne tür bir yapımdır?,2008 yapımı Amerikan animasyon televizyon serisidir.
wiki_14,1189599,Fonksiyonel analiz konuları listesi,Bu sayfa fonksiyonel analiz konularının listesini içermektedir.,1,Bu sayfa fonksiyonel analiz konularının listesini içermektedir.,Bu sayfanın ana içeriği nedir?,Fonksiyonel analiz konularının listesidir.
wiki_19,1203317,Hatip (anlam ayrımı),"Hatip, topluluk karşısında etkili konuşma becerisine sahip kişi.",1,"Hatip, topluluk karşısında etkili konuşma becerisine sahip kişi.",Hatip kime denir?,"Hatip, topluluk karşısında etkili konuşma becerisine sahip olan kişidir."
wiki_20,1206345,Joel Barlow,"Joel Barlow (24 Mart 1754 – 26 Aralık 1812) Amerikalı şair, diplomat ve siyasetçi.",1,"Joel Barlow (24 Mart 1754 – 26 Aralık 1812) Amerikalı şair, diplomat ve siyasetçi.",Joel Barlow hangi meslekleri icra etmiştir?,"Amerikalı bir şair, diplomat ve siyasetçiydi."
wiki_22,1212217,Heliophanus auratus,"Heliophanus auratus, ""Heliophanus"" cinsine bağlı bir örümcek türüdür.",1,"Heliophanus auratus, ""Heliophanus"" cinsine bağlı bir örümcek türüdür.",Heliophanus auratus hangi cinse bağlı bir canlıdır?,"Heliophanus auratus, ""Heliophanus"" cinsine bağlı bir örümcek türüdür."
wiki_23,1215207,Aix (hayvan),Aix Anatidae familyasına bağlı bir cinstir.,1,Aix Anatidae familyasına bağlı bir cinstir.,Aix hangi familyaya bağlı bir cinstir?,"Aix, Anatidae familyasına bağlı bir cinstir."
wiki_24,1235198,Tıp dalları,"Tıp, Türkiye'de üç ana akademik bölüm altında gruplandırılmıştır.",1,"Tıp, Türkiye'de üç ana akademik bölüm altında gruplandırılmıştır.",Türkiye'de tıp kaç ana akademik bölüm altında gruplandırılmıştır?,Türkiye'de tıp üç ana akademik bölüm altında gruplandırılmıştır.
wiki_25,1241688,Hiç Durmadan,Grup Yorum 'un 1993 yılında çıkardığı albümdür.,1,Grup Yorum 'un 1993 yılında çıkardığı albümdür.,Grup Yorum 1993 yılında ne çıkardı?,Albüm.
wiki_30,1275549,Lawrence Tierney,"Lawrence Tierney (15 Mart 1919 - 26 Şubat 2002), Amerikalı oyuncudur.",1,"Lawrence Tierney (15 Mart 1919 - 26 Şubat 2002), Amerikalı oyuncudur.",Lawrence Tierney kimdir ve mesleği nedir?,"Lawrence Tierney, 15 Mart 1919'da doğmuş ve 26 Şubat 2002'de vefat etmiş Amerikalı bir oyuncudur."
wiki_31,1279049,2007 Avrupa Salon Atletizm Şampiyonası - Kadınlar 3000 metre,2007 Avrupa Salon Atletizm Şampiyonası'nda kadınlar 3000 metre etkinliği 4 Mart 2007 tarihlerinde gerçekleştirilmiştir.,1,2007 Avrupa Salon Atletizm Şampiyonası'nda kadınlar 3000 metre etkinliği 4 Mart 2007 tarihlerinde gerçekleştirilmiştir.,2007 Avrupa Salon Atletizm Şampiyonası'ndaki kadınlar 3000 metre etkinliği hangi tarihte yapılmıştır?,4 Mart 2007 tarihinde yapılmıştır.
wiki_37,1293525,V for Vendetta (film müziği albümü),"""V for Vendetta"" film müziklerini tanıtmak için 2006 yılında çıkarılan albümdür.",1,"""V for Vendetta"" film müziklerini tanıtmak için 2006 yılında çıkarılan albümdür.",2006 yılında 'V for Vendetta' film müziklerini tanıtmak amacıyla ne çıkarılmıştır?,Bir albüm çıkarılmıştır.
wiki_40,1303020,Ravnenes Saga,Ravnenes saga Danimarkalı folk/viking metal grubu Svartsot'un ilk albümü.,1,Ravnenes saga Danimarkalı folk/viking metal grubu Svartsot'un ilk albümü.,Danimarkalı folk/viking metal grubu Svartsot'un ilk albümünün adı nedir?,Danimarkalı folk/viking metal grubu Svartsot'un ilk albümünün adı Ravnenes saga'dır.
wiki_43,1311147,Antik Yakın Doğu,"Antik Yakın Doğu, modern Orta Doğu, Mezopotamya (modern Irak, Türkiye'nin güneydoğusu ile Suriye'nin kuzeydoğusu), antik Mısır, antik İran (Elam, Medya, Fars Eyaleti, Part İmparatorluğu ve Anadolu) ve Levant (modern Suriye, Lübnan, İsrail, Ürdün, Kıbrıs ve Girit)'i kapsayan ilk çağ medeniyeti için kullanılan terim.",1,"Antik Yakın Doğu, modern Orta Doğu, Mezopotamya (modern Irak, Türkiye'nin güneydoğusu ile Suriye'nin kuzeydoğusu), antik Mısır, antik İran (Elam, Medya, Fars Eyaleti, Part İmparatorluğu ve Anadolu) ve Levant (modern Suriye, Lübnan, İsrail, Ürdün, Kıbrıs ve Girit)'i kapsayan ilk çağ medeniyeti için kullanılan terim.",Antik Yakın Doğu terimi hangi coğrafi bölgeleri ve medeniyetleri kapsar?,"Antik Yakın Doğu terimi; modern Orta Doğu, Mezopotamya, antik Mısır, antik İran ve Levant bölgelerini kapsayan ilk çağ medeniyeti için kullanılır. Bu bölgeler içinde modern Irak, Türkiye'nin güneydoğusu, Suriye'nin kuzeydoğusu, Lübnan, İsrail, Ürdün, Kıbrıs ve Girit gibi alanlar da bulunur."
wiki_48,1324674,Super League (Yunanistan) gol kralları listesi,Bu liste sezonlarına göre Yunanistan Ligi gol krallarını göstermektedir.,1,Bu liste sezonlarına göre Yunanistan Ligi gol krallarını göstermektedir.,Verilen liste hangi bilgiyi sunmaktadır?,Yunanistan Ligi'nin sezonlara göre gol krallarını.
wiki_49,1327594,Aclan,Aclan bir ad ve soyadıdır ve şu anlamlara gelebilir:,1,Aclan bir ad ve soyadıdır ve şu anlamlara gelebilir:,Metne göre Aclan ne tür bir kelimedir?,"Metne göre Aclan, bir ad ve soyadıdır."
wiki_53,1344286,Gilgit-Baltistan Birleşik Hareketi,Gilgit-Baltistan Birleşik Hareketi (GBUM) - Gilgit-Baltistan Skardu merkezli Kuzey Alanları olarak da bilinen Gilgit ve Baltistan bölgelerinde yerel politikacılar tarafından desteklenen özerk devlet talep eden siyasi bir otonomist hareket.,1,Gilgit-Baltistan Birleşik Hareketi (GBUM) - Gilgit-Baltistan Skardu merkezli Kuzey Alanları olarak da bilinen Gilgit ve Baltistan bölgelerinde yerel politikacılar tarafından desteklenen özerk devlet talep eden siyasi bir otonomist hareket.,Gilgit-Baltistan Birleşik Hareketi'nin (GBUM) temel talebi nedir?,Özerk bir devlet talep etmektedir.
wiki_54,1349815,Akdeniz Futsal Kupası,Akdeniz Futsal Kupası Akdeniz'i oluşturan ülkelerin millî takımları arasında oynanan bir futsal turnuvasıdır.,1,Akdeniz Futsal Kupası Akdeniz'i oluşturan ülkelerin millî takımları arasında oynanan bir futsal turnuvasıdır.,Akdeniz Futsal Kupası hangi takımlar arasında oynanır?,Akdeniz'i oluşturan ülkelerin millî takımları arasında oynanır.
wiki_55,1355399,1986 FIBA Dünya Basketbol Şampiyonası,1986 yılında 5 temmuz - 19 temmuz tarihleri arasında İspanya'da düzenlenen FIBA Dünya Basketbol Dünya Şampiyonasında ABD takımı şampiyon oldu.,1,1986 yılında 5 temmuz - 19 temmuz tarihleri arasında İspanya'da düzenlenen FIBA Dünya Basketbol Dünya Şampiyonasında ABD takımı şampiyon oldu.,1986 FIBA Dünya Basketbol Dünya Şampiyonası'nda hangi takım şampiyon olmuştur?,ABD takımı şampiyon olmuştur.
wiki_58,1369174,John Latham,"John Latham (27 Haziran 1740 - 4 Şubat 1837) İngiliz doktor, doğa tarihçisi, ornitolog ve yazar.",1,"John Latham (27 Haziran 1740 - 4 Şubat 1837) İngiliz doktor, doğa tarihçisi, ornitolog ve yazar.",John Latham'ın bilinen meslekleri veya ilgi alanları nelerdi?,"John Latham, İngiliz doktor, doğa tarihçisi, ornitolog ve yazardı."
wiki_59,1375867,Aşk Sahnede,"Aşk Sahnede, Gökhan Tepe'nin 2011 çıkışlı altıncı stüdyo albümüdür.",1,"Aşk Sahnede, Gökhan Tepe'nin 2011 çıkışlı altıncı stüdyo albümüdür.",Gökhan Tepe'nin 'Aşk Sahnede' adlı albümü kaçıncı stüdyo albümüdür?,Gökhan Tepe'nin 'Aşk Sahnede' adlı albümü altıncı stüdyo albümüdür.
wiki_66,1402163,NTV tarafından yayınlanan programların listesi,NTV'de daha önce yayınlanmış ve günümüzde yayınlanmakta olan televizyon programlarının bir listesidir.,1,NTV'de daha önce yayınlanmış ve günümüzde yayınlanmakta olan televizyon programlarının bir listesidir.,"Bu liste, NTV'nin programlarını hangi zaman dilimlerine göre içermektedir?","Bu liste, NTV'de daha önce yayınlanmış ve günümüzde yayınlanmakta olan programları içermektedir."
wiki_67,1405146,Gey bağlantılı bağışıklık yetmezliği,"Gay bağlantılı bağışıklık yetmezliği (GRID veya GBBY) (bazen gay vebası) ilk kez 1982 yılında bu isimle tanımlandı sonrasında AIDS adını aldı, sonrasında halk sağlığı bilim adamlarının Güney Kaliforniya ve New York'taki gey erkekler üzerinde Kaposi sarkomu ve ""Pneumocystis"" pneumonia kümelerini buldular.",1,Gay bağlantılı bağışıklık yetmezliği (GRID veya GBBY) (bazen gay vebası) ilk kez 1982 yılında bu isimle tanımlandı sonrasında AIDS adını aldı.,GRID veya GBBY hastalığı (bazen 'gay vebası' olarak da bilinen) ilk kez ne zaman tanımlanmış ve daha sonra hangi adı almıştır?,Gay bağlantılı bağışıklık yetmezliği (GRID veya GBBY) ilk kez 1982 yılında tanımlanmış ve sonrasında AIDS adını almıştır.
wiki_70,1415707,Dassow,"Dassow, Almanya'da Mecklenburg-Vorpommern eyaletinde yer alan bir şehirdir.",1,"Dassow, Almanya'da Mecklenburg-Vorpommern eyaletinde yer alan bir şehirdir.",Dassow nerede yer almaktadır?,"Dassow, Almanya'da Mecklenburg-Vorpommern eyaletinde yer alan bir şehirdir."
wiki_71,1419271,Prangasız Mahkumlar,"Prangasız Mahkûmlar, başrollerinde Yılmaz Güney ve Filiz Akın'ın oynadığı yönetmenliğini ise Orhon Murat Arıburnu'nun yaptığı 1964 yapımı Türk filmidir.",1,"Prangasız Mahkûmlar, başrollerinde Yılmaz Güney ve Filiz Akın'ın oynadığı yönetmenliğini ise Orhon Murat Arıburnu'nun yaptığı 1964 yapımı Türk filmidir.",Prangasız Mahkûmlar filminin yönetmenliğini kim üstlenmiştir?,Filmin yönetmenliğini Orhon Murat Arıburnu üstlenmiştir.
wiki_72,1422227,Elterlein,"Elterlein, Almanya'da Saksonya eyaletinde yer alan bir şehirdir.",1,"Elterlein, Almanya'da Saksonya eyaletinde yer alan bir şehirdir.",Elterlein hangi ülkede ve hangi eyalette yer almaktadır?,"Almanya'da, Saksonya eyaletinde yer almaktadır."
wiki_73,1424833,Eşkiya Celladı,"Eşkiya Celladı, başrollerinde Yılmaz Güney ve Nebahat Çehre'nin oynadığı yönetmenliğini ise Remzi Jöntürk'ün yaptığı 1967 yapımı Türk filmidir.",1,"Eşkiya Celladı, başrollerinde Yılmaz Güney ve Nebahat Çehre'nin oynadığı yönetmenliğini ise Remzi Jöntürk'ün yaptığı 1967 yapımı Türk filmidir.",Eşkiya Celladı filminin yönetmenliğini kim üstlenmiştir?,Eşkiya Celladı filminin yönetmenliğini Remzi Jöntürk üstlenmiştir.
wiki_76,1433638,Tabancalar listesi,Aşağıdaki tabloda kayda değer tabancalar listelenmektedir.,1,Aşağıdaki tabloda kayda değer tabancalar listelenmektedir.,Metinde bahsedilen tabloda ne tür nesneler listelenmektedir?,Metinde bahsedilen tabloda 'kayda değer tabancalar' listelenmektedir.
wiki_78,1441891,Barış Dilaver,"Barış Dilaver (İstanbul, 1975) bale sanatçısı (dans, koreografi) ve film / belgesel yönetmeni.",1,"Barış Dilaver (İstanbul, 1975) bale sanatçısı (dans, koreografi) ve film / belgesel yönetmeni.",Metne göre Barış Dilaver hangi mesleki unvanlara sahiptir?,"Barış Dilaver bale sanatçısı (dans, koreografi) ve film / belgesel yönetmenidir."
wiki_80,1447415,Mısır için Demokratik İttifak,"Mısır için Demokratik İttifak, Mısır'da 11 siyasi partinin kurduğu en büyük bloktur.",1,"Mısır için Demokratik İttifak, Mısır'da 11 siyasi partinin kurduğu en büyük bloktur.",Mısır için Demokratik İttifak ne tür bir oluşumdur?,Mısır'da 11 siyasi partinin bir araya gelerek kurduğu en büyük siyasi bloktur.
wiki_81,1451264,Plains of the Purple Buffalo,Plains of the Purple Buffalo Britanyalı/Amerikalı rock grubu *shels'in 2011 yılında yayınladığı ikinci albümüdür.,1,Plains of the Purple Buffalo Britanyalı/Amerikalı rock grubu *shels'in 2011 yılında yayınladığı ikinci albümüdür.,Plains of the Purple Buffalo albümünü hangi rock grubu yayınlamıştır?,*shels.
wiki_83,1458793,Eucalyptus marginata,"Eucalyptus marginata, ""Eucalyptus"" cinsine bağlı bir bitki türüdür.",1,"Eucalyptus marginata, ""Eucalyptus"" cinsine bağlı bir bitki türüdür.",Eucalyptus marginata hangi cinse aittir?,"Eucalyptus marginata, ""Eucalyptus"" cinsine aittir."
wiki_86,1468187,Karataş Yahudi Hastanesi,"Karataş Yahudi Hastanesi ya da Karataş Musevi Hastanesi, 1827 yılında İzmir'in Konak ilçesinin Karataş semtinde Türk Yahudileri tarafından kurulan bir özel hastanedir.",1,"Karataş Yahudi Hastanesi ya da Karataş Musevi Hastanesi, 1827 yılında İzmir'in Konak ilçesinin Karataş semtinde Türk Yahudileri tarafından kurulan bir özel hastanedir.",Karataş Yahudi Hastanesi ne zaman ve kimler tarafından kurulmuştur?,"Karataş Yahudi Hastanesi, 1827 yılında Türk Yahudileri tarafından kurulmuştur."
wiki_88,1475378,Öğrenci andı,Öğrenci andı aşağıdaki anlamlara sahip olabilir:,1,Öğrenci andı aşağıdaki anlamlara sahip olabilir:,Metindeki bu cümle neyi ifade etmektedir?,"Bu cümle, öğrenci andının birden fazla yoruma veya anlama sahip olabileceğini ve bu anlamların metnin devamında sıralanacağını belirten bir giriş ifadesidir."
wiki_89,1477378,Chumma,"Chumma, Chummidae familyasına bağlı bir örümcek cinsidir.",1,"Chumma, Chummidae familyasına bağlı bir örümcek cinsidir.",Chumma nedir?,"Chumma, Chummidae familyasına bağlı bir örümcek cinsidir."
wiki_90,1481806,Jesse Moss,"Jesse Moss (4 Mayıs 1983 Vancouver, Kanada), rol aldığı Son Durak 3 filmi ve Whistler televizyon dizisiyle tanınan, 100'e yakın sinema filmi ve TV dizisinde rol almış Kanadalı aktör.",1,"Jesse Moss (4 Mayıs 1983 Vancouver, Kanada), rol aldığı Son Durak 3 filmi ve Whistler televizyon dizisiyle tanınan, 100'e yakın sinema filmi ve TV dizisinde rol almış Kanadalı aktör.","Jesse Moss, kariyeri boyunca yaklaşık olarak kaç sinema filmi ve televizyon dizisinde rol almıştır?","Jesse Moss, 100'e yakın sinema filmi ve televizyon dizisinde rol almıştır."
wiki_91,1483928,Türkiye Genç Kızlar Basketbol Şampiyonası,"Türkiye Genç Kızlar Basketbol Şampiyonası ya da Türkiye Genç Bayanlar Basketbol Şampiyonası, Türkiye Basketbol Federasyonu tarafından 1982'den beri düzenlenen ve basketbolda genç kızlar kategorisinde (16-18 yaş grubu) Türkiye şampiyonunu belirlemek için yapılan spor organizasyonu.",1,"Türkiye Genç Kızlar Basketbol Şampiyonası ya da Türkiye Genç Bayanlar Basketbol Şampiyonası, Türkiye Basketbol Federasyonu tarafından 1982'den beri düzenlenen ve basketbolda genç kızlar kategorisinde (16-18 yaş grubu) Türkiye şampiyonunu belirlemek için yapılan spor organizasyonu.",Türkiye Genç Kızlar Basketbol Şampiyonası hangi yaş grubundaki sporcular için düzenlenmektedir?,"Türkiye Genç Kızlar Basketbol Şampiyonası, 16-18 yaş grubundaki genç kız sporcuları için düzenlenmektedir."
wiki_92,1487512,Keith-Lee Castle,"Keith-Lee Castle (18 Eylül 1959, İngiltere) İngiliz aktör.",1,"Keith-Lee Castle (18 Eylül 1959, İngiltere) İngiliz aktör.",Metne göre Keith-Lee Castle kimdir?,"Keith-Lee Castle, 18 Eylül 1959 tarihinde İngiltere'de doğmuş bir İngiliz aktördür."
wiki_94,1498601,Teve2 tarafından yayınlanan programlar listesi,teve2'de daha önce yayınlanmış ve günümüzde yayınlanmakta olan televizyon programlarının bir listesidir.,1,teve2'de daha önce yayınlanmış ve günümüzde yayınlanmakta olan televizyon programlarının bir listesidir.,"Bu metinde bahsedilen liste, teve2 kanalındaki programları hangi zaman dilimlerine göre kapsamaktadır?","Liste, teve2'de daha önce yayınlanmış ve günümüzde yayınlanmakta olan televizyon programlarını kapsamaktadır."
wiki_97,1508631,Caroll Spinney,"Caroll Edwin Spinney (26 Aralık 1933 - 8 Aralık 2019), Amerikalı komedyen, oyuncu ve seslendirme sanatçısıdır.",1,"Caroll Edwin Spinney (26 Aralık 1933 - 8 Aralık 2019), Amerikalı komedyen, oyuncu ve seslendirme sanatçısıdır.",Caroll Edwin Spinney hangi mesleklerle tanınmaktadır?,"Caroll Edwin Spinney, Amerikalı bir komedyen, oyuncu ve seslendirme sanatçısıdır."
wiki_98,1512975,Benzersiz tanıtıcı,"Benzersiz tanıtıcı veya benzersiz tanımlayıcı (UID), bilişim alanında spesifik bir amaç ve (muhtemelen örtük olan) bir dizi nesne için kullanılan tüm tanıtıcılar arasında benzersiz olması garanti olan her türlü tanıtıcıdır.",1,"Benzersiz tanıtıcı veya benzersiz tanımlayıcı (UID), bilişim alanında spesifik bir amaç ve (muhtemelen örtük olan) bir dizi nesne için kullanılan tüm tanıtıcılar arasında benzersiz olması garanti olan her türlü tanıtıcıdır.","Verilen tanıma göre, bir Benzersiz Tanıtıcı'nın (UID) en temel ve ayırt edici özelliği nedir?","Bir Benzersiz Tanıtıcı'nın (UID) en temel özelliği, kullanıldığı tüm tanıtıcılar arasında benzersiz olmasının garanti edilmesidir."
